;;;;;;;;;;
;;;;;;;;;;
;;;;;;;;;;
COLOMBIA. Necesidades Básicas Insatisfechas - NBI, por total, cabecera y resto, según municipio y nacional.;;;;;;;;;;
 A JUNIO 2012;;;;;;;;;;
RESULTADOS CENSO GENERAL 2005;;;;;;;;;;
;;;;;;;;;;
Cod Depto;Nombre Departamento;Cod Mpio;Nombre Municipio;Personas en NBI;;;;;;Nota Aclaratoria
;;;;Cabecera ;;Resto ;;Total ;;
;;;;Prop (%);cve (%);Prop (%);cve (%);Prop (%);cve (%);
05;ANTIOQUIA;001;MEDELLIN;12,33;2,71;18,28;13,47;12,42;2,66;
05;ANTIOQUIA;002;ABEJORRAL;30,26;-;35,47;-;33,85;-;
05;ANTIOQUIA;004;ABRIAQUI;11,52;-;35,90;-;28,54;-;
05;ANTIOQUIA;021;ALEJANDRIA;24,03;-;42,25;-;33,14;-;
05;ANTIOQUIA;030;AMAGA;21,59;6,14;33,01;7,28;27,07;4,96;
05;ANTIOQUIA;031;AMALFI;25,67;4,81;68,81;3,45;45,29;2,81;
05;ANTIOQUIA;034;ANDES;21,28;5,26;38,18;5,90;30,49;4,36;
05;ANTIOQUIA;036;ANGELOPOLIS;20,99;-;32,13;5,66;25,97;3,13;
05;ANTIOQUIA;038;ANGOSTURA;25,57;-;61,04;-;55,16;-;
05;ANTIOQUIA;040;ANORI;41,61;-;56,24;-;48,14;-;
05;ANTIOQUIA;042;SANTAFE DE ANTIOQUIA;29,38;4,78;66,68;5,22;44,10;3,66;
05;ANTIOQUIA;044;ANZA;30,34;-;55,25;-;51,34;-;
05;ANTIOQUIA;045;APARTADO;21,18;9,78;44,26;5,39;24,53;7,36;
05;ANTIOQUIA;051;ARBOLETES;44,74;2,57;90,84;1,52;72,40;1,31;
05;ANTIOQUIA;055;ARGELIA;25,91;-;47,92;-;38,97;-;
05;ANTIOQUIA;059;ARMENIA;25,03;-;47,47;-;39,83;-;
05;ANTIOQUIA;079;BARBOSA;12,29;8,78;29,16;6,93;21,73;5,64;
05;ANTIOQUIA;086;BELMIRA;19,61;-;32,58;-;29,05;-;
05;ANTIOQUIA;088;BELLO;9,46;11,92;39,91;6,13;10,58;10,30;
05;ANTIOQUIA;091;BETANIA;23,34;-;36,06;-;31,25;-;
05;ANTIOQUIA;093;BETULIA;34,01;-;50,43;-;45,36;-;
05;ANTIOQUIA;101;CIUDAD BOLIVAR;24,27;4,82;37,77;5,44;29,98;3,67;
05;ANTIOQUIA;107;BRICEÑO;43,70;-;59,33;-;55,04;-;
05;ANTIOQUIA;113;BURITICA;27,58;-;78,54;-;70,30;-;
05;ANTIOQUIA;120;CACERES;61,25;-;68,48;-;66,81;-;
05;ANTIOQUIA;125;CAICEDO;30,62;-;71,61;-;63,85;-;
05;ANTIOQUIA;129;CALDAS;10,30;10,72;22,34;6,21;13,02;7,00;
05;ANTIOQUIA;134;CAMPAMENTO;100,00;;100,00;;100,00;;Se asignó el máximo valor de NBI (100%) por no contar con información suficiente para su estimación
05;ANTIOQUIA;138;CAÑASGORDAS;32,97;-;68,83;-;57,09;-;
05;ANTIOQUIA;142;CARACOLI;19,35;-;45,03;-;29,93;-;
05;ANTIOQUIA;145;CARAMANTA;21,05;-;28,56;-;25,00;-;
05;ANTIOQUIA;147;CAREPA;36,74;3,61;60,45;4,65;43,17;2,85;
05;ANTIOQUIA;148;EL CARMEN DE VIBORAL;9,08;12,23;29,21;-;17,96;3,45;
05;ANTIOQUIA;150;CAROLINA;16,41;-;20,76;-;17,42;-;
05;ANTIOQUIA;154;CAUCASIA;48,55;3,42;70,84;2,98;52,41;2,71;
05;ANTIOQUIA;172;CHIGORODO;34,88;4,64;69,45;3,67;40,15;3,55;
05;ANTIOQUIA;190;CISNEROS;21,20;6,40;34,70;5,87;23,75;4,91;
05;ANTIOQUIA;197;COCORNA;21,15;-;41,91;-;36,23;-;
05;ANTIOQUIA;206;CONCEPCION;12,02;-;32,52;-;25,95;-;
05;ANTIOQUIA;209;CONCORDIA;27,48;5,10;46,45;6,18;39,22;4,73;
05;ANTIOQUIA;212;COPACABANA;7,06;14,63;27,06;11,36;9,75;10,10;
05;ANTIOQUIA;234;DABEIBA;37,21;4,48;83,98;2,68;66,49;2,32;
05;ANTIOQUIA;237;DON MATIAS;13,75;8,35;27,77;7,98;18,72;5,77;
05;ANTIOQUIA;240;EBEJICO;19,93;-;47,19;-;42,52;-;
05;ANTIOQUIA;250;EL BAGRE;40,41;5,48;71,33;4,63;50,75;3,63;
05;ANTIOQUIA;264;ENTRERRIOS;6,94;9,27;22,60;9,21;15,26;7,51;
05;ANTIOQUIA;266;ENVIGADO;5,24;15,72;9,07;19,50;5,43;14,53;
05;ANTIOQUIA;282;FREDONIA;18,40;5,84;28,23;6,71;24,52;5,09;
05;ANTIOQUIA;284;FRONTINO;16,25;11,62;63,50;5,35;44,37;4,87;
05;ANTIOQUIA;306;GIRALDO;32,39;-;53,49;-;47,38;-;
05;ANTIOQUIA;308;GIRARDOTA;7,67;13,11;26,57;8,21;15,43;6,96;
05;ANTIOQUIA;310;GOMEZ PLATA;12,55;7,07;61,52;2,62;39,45;2,46;
05;ANTIOQUIA;313;GRANADA;20,65;-;32,01;-;27,26;-;
05;ANTIOQUIA;315;GUADALUPE;28,52;-;56,55;-;48,22;-;
05;ANTIOQUIA;318;GUARNE;9,36;9,51;22,28;7,97;17,73;6,72;
05;ANTIOQUIA;321;GUATAPE;10,13;10,79;25,95;22,25;14,51;12,28;
05;ANTIOQUIA;347;HELICONIA;30,82;-;36,91;-;34,27;-;
05;ANTIOQUIA;353;HISPANIA;23,50;-;36,49;-;28,26;-;
05;ANTIOQUIA;360;ITAGUI;7,53;13,26;20,78;6,11;8,79;10,38;
05;ANTIOQUIA;361;ITUANGO;28,06;6,11;78,92;4,41;65,22;3,96;
05;ANTIOQUIA;364;JARDIN;15,60;-;32,42;-;24,28;-;
05;ANTIOQUIA;368;JERICO;24,83;5,09;30,78;5,12;27,06;3,65;
05;ANTIOQUIA;376;LA CEJA;12,23;10,13;21,93;11,41;13,75;8,11;
05;ANTIOQUIA;380;LA ESTRELLA;8,28;16,50;15,63;7,10;11,64;7,72;
05;ANTIOQUIA;390;LA PINTADA;38,43;-;32,83;-;37,63;-;
05;ANTIOQUIA;400;LA UNION;11,89;8,53;25,71;9,45;18,40;6,87;
05;ANTIOQUIA;411;LIBORINA;16,12;-;39,88;-;35,23;-;
05;ANTIOQUIA;425;MACEO;21,36;-;44,48;-;35,42;-;
05;ANTIOQUIA;440;MARINILLA;9,31;9,70;27,87;-;14,56;4,45;
05;ANTIOQUIA;467;MONTEBELLO;24,10;-;37,60;-;33,97;-;
05;ANTIOQUIA;475;MURINDO;98,23;-;96,65;-;97,08;-;
05;ANTIOQUIA;480;MUTATA;43,24;-;74,85;-;60,74;-;
05;ANTIOQUIA;483;NARIÑO;25,11;-;37,65;-;34,22;-;
05;ANTIOQUIA;490;NECOCLI;47,22;3,17;87,23;2,33;77,80;2,05;
05;ANTIOQUIA;495;NECHI;62,40;-;76,67;-;68,13;-;
05;ANTIOQUIA;501;OLAYA;58,42;-;38,62;-;40,63;-;
05;ANTIOQUIA;541;PEÐOL;10,18;9,33;33,34;7,76;21,53;6,30;
05;ANTIOQUIA;543;PEQUE;36,26;-;84,44;-;74,51;-;
05;ANTIOQUIA;576;PUEBLORRICO;23,39;-;36,60;-;30,02;-;
05;ANTIOQUIA;579;PUERTO BERRIO;36,96;4,56;48,83;-;38,43;3,85;
05;ANTIOQUIA;585;PUERTO NARE;30,84;3,33;32,65;-;31,94;1,26;
05;ANTIOQUIA;591;PUERTO TRIUNFO;48,80;2,75;27,51;2,24;33,65;1,74;
05;ANTIOQUIA;604;REMEDIOS;36,99;-;54,51;-;47,56;-;
05;ANTIOQUIA;607;RETIRO;10,00;9,31;14,25;13,21;12,20;8,79;
05;ANTIOQUIA;615;RIONEGRO;7,99;13,76;21,09;12,68;12,46;9,35;
05;ANTIOQUIA;628;SABANALARGA;42,74;-;68,43;-;60,28;-;
05;ANTIOQUIA;631;SABANETA;4,84;15,37;14,48;11,91;6,84;10,08;
05;ANTIOQUIA;642;SALGAR;32,65;-;43,19;-;38,58;-;
05;ANTIOQUIA;647;SAN ANDRES DE CUERQUIA;30,37;-;44,88;-;37,24;-;
05;ANTIOQUIA;649;SAN CARLOS;27,76;-;36,48;-;32,41;-;
05;ANTIOQUIA;652;SAN FRANCISCO;41,64;-;54,60;-;49,92;-;
05;ANTIOQUIA;656;SAN JERONIMO;17,13;5,89;41,92;5,30;34,40;4,59;
05;ANTIOQUIA;658;SAN JOSE DE LA MONTAÑA;22,96;-;18,53;-;21,52;-;
05;ANTIOQUIA;659;SAN JUAN DE URABA;58,40;3,48;83,93;2,08;75,86;1,79;
05;ANTIOQUIA;660;SAN LUIS;18,52;-;45,03;-;33,57;-;
05;ANTIOQUIA;664;SAN PEDRO;11,00;8,15;24,54;9,06;17,87;6,78;
05;ANTIOQUIA;665;SAN PEDRO DE URABA;70,13;4,03;92,57;7,74;82,50;5,03;
05;ANTIOQUIA;667;SAN RAFAEL;24,32;-;45,24;-;35,10;-;
05;ANTIOQUIA;670;SAN ROQUE;27,61;-;43,25;-;38,12;-;
05;ANTIOQUIA;674;SAN VICENTE;20,34;4,62;35,22;-;29,92;1,12;
05;ANTIOQUIA;679;SANTA BARBARA;18,83;6,85;36,45;6,29;28,46;4,86;
05;ANTIOQUIA;686;SANTA ROSA DE OSOS;10,55;7,70;35,02;6,12;23,52;5,09;
05;ANTIOQUIA;690;SANTO DOMINGO;17,80;-;31,67;-;29,07;-;
05;ANTIOQUIA;697;EL SANTUARIO;15,63;8,03;37,07;-;20,73;4,61;
05;ANTIOQUIA;736;SEGOVIA;35,52;4,25;66,54;2,04;41,37;3,02;
05;ANTIOQUIA;756;SONSON;19,51;8,14;43,83;6,69;33,75;5,45;
05;ANTIOQUIA;761;SOPETRAN;19,75;5,64;44,58;4,69;33,55;3,76;
05;ANTIOQUIA;789;TAMESIS;21,44;-;32,68;-;28,25;-;
05;ANTIOQUIA;790;TARAZA;62,02;2,65;61,90;5,15;61,97;2,57;
05;ANTIOQUIA;792;TARSO;36,90;-;40,60;-;38,94;-;
05;ANTIOQUIA;809;TITIRIBI;18,84;-;37,38;-;27,78;-;
05;ANTIOQUIA;819;TOLEDO;26,94;-;57,80;-;50,47;-;
05;ANTIOQUIA;837;TURBO;57,49;2,69;73,67;3,33;67,38;2,40;
05;ANTIOQUIA;842;URAMITA;37,19;-;73,79;-;63,59;-;
05;ANTIOQUIA;847;URRAO;27,49;5,59;53,25;6,71;40,20;4,79;
05;ANTIOQUIA;854;VALDIVIA;42,98;-;59,40;-;54,49;-;
05;ANTIOQUIA;856;VALPARAISO;22,20;-;30,47;-;26,25;-;
05;ANTIOQUIA;858;VEGACHI;28,96;5,95;70,11;4,72;46,33;3,70;
05;ANTIOQUIA;861;VENECIA;26,80;-;25,34;-;26,01;-;
05;ANTIOQUIA;873;VIGIA DEL FUERTE;58,74;-;74,50;-;68,35;-;
05;ANTIOQUIA;885;YALI;20,67;-;66,35;-;44,94;-;
05;ANTIOQUIA;887;YARUMAL;25,92;5,11;40,71;9,42;28,26;4,49;
05;ANTIOQUIA;890;YOLOMBO;22,18;-;48,47;5,27;40,63;4,41;
05;ANTIOQUIA;893;YONDO;44,95;3,51;75,18;-;59,05;1,42;
05;ANTIOQUIA;895;ZARAGOZA;45,74;6,76;82,69;3,20;64,30;3,16;
08;ATLANTICO;001;BARRANQUILLA;17,70;2,08;21,73;7,19;17,72;2,07;
08;ATLANTICO;078;BARANOA;25,81;6,08;31,80;7,87;26,82;5,11;
08;ATLANTICO;137;CAMPO DE LA CRUZ;63,61;3,02;58,16;5,18;62,86;2,72;
08;ATLANTICO;141;CANDELARIA;84,99;1,61;44,41;7,97;74,22;1,85;
08;ATLANTICO;296;GALAPA;37,57;4,08;53,27;3,33;39,19;3,54;
08;ATLANTICO;372;JUAN DE ACOSTA;28,10;4,64;35,81;8,17;30,95;4,39;
08;ATLANTICO;421;LURUACO;56,46;2,23;45,18;6,95;50,54;3,47;
08;ATLANTICO;433;MALAMBO;31,77;5,92;32,93;6,12;31,84;5,56;
08;ATLANTICO;436;MANATI;55,45;3,38;72,17;3,76;57,14;2,98;
08;ATLANTICO;520;PALMAR DE VARELA;37,27;4,82;47,92;-;37,66;4,59;
08;ATLANTICO;549;PIOJO;53,50;3,09;54,56;2,49;54,03;1,98;
08;ATLANTICO;558;POLONUEVO;32,01;6,67;50,14;4,83;35,36;5,08;
08;ATLANTICO;560;PONEDERA;48,37;4,32;51,81;5,04;50,03;3,32;
08;ATLANTICO;573;PUERTO COLOMBIA;25,53;7,18;22,36;15,68;24,74;6,59;
08;ATLANTICO;606;REPELON;58,11;3,45;40,60;7,78;52,33;3,25;
08;ATLANTICO;634;SABANAGRANDE;40,05;2,55;36,21;-;39,88;2,44;
08;ATLANTICO;638;SABANALARGA;36,67;5,67;47,62;7,90;39,14;4,65;
08;ATLANTICO;675;SANTA LUCIA;60,66;3,28;54,42;6,98;60,00;3,04;
08;ATLANTICO;685;SANTO TOMAS;33,00;6,30;50,11;10,15;33,84;5,88;
08;ATLANTICO;758;SOLEDAD;24,01;4,87;58,67;-;24,07;4,85;
08;ATLANTICO;770;SUAN;55,98;2,67;43,82;-;55,40;2,57;
08;ATLANTICO;832;TUBARA;32,20;5,27;40,62;7,32;35,90;4,50;
08;ATLANTICO;849;USIACURI;42,00;3,02;55,27;-;43,28;2,65;
11;BOGOTA;001;BOGOTA, D.C.;9,16;1,97;27,84;-;9,20;1,96;
13;BOLIVAR;001;CARTAGENA;25,45;1,85;35,50;6,05;26,01;1,77;
13;BOLIVAR;006;ACHI;53,23;3,78;86,48;2,57;80,74;2,32;
13;BOLIVAR;030;ALTOS DEL ROSARIO;51,61;-;87,92;-;68,83;-;
13;BOLIVAR;042;ARENAL;47,37;-;74,34;-;59,17;-;
13;BOLIVAR;052;ARJONA;61,42;3,38;49,37;5,04;58,83;2,91;
13;BOLIVAR;062;ARROYOHONDO;70,23;-;64,15;-;67,80;-;
13;BOLIVAR;074;BARRANCO DE LOBA;59,02;-;82,30;-;74,54;-;
13;BOLIVAR;140;CALAMAR;71,20;2,08;72,95;3,39;71,99;1,92;
13;BOLIVAR;160;CANTAGALLO;34,39;5,10;81,42;-;61,88;1,18;
13;BOLIVAR;188;CICUCO;56,37;-;69,26;-;60,88;-;
13;BOLIVAR;212;CORDOBA;58,04;-;74,56;-;70,24;-;
13;BOLIVAR;222;CLEMENCIA;75,03;2,13;61,90;4,67;72,06;1,94;
13;BOLIVAR;244;EL CARMEN DE BOLIVAR;96,19;0,51;85,22;1,22;93,45;0,48;
13;BOLIVAR;248;EL GUAMO;63,93;-;53,70;-;59,11;-;
13;BOLIVAR;268;EL PEÑON;60,95;-;79,33;-;72,86;-;
13;BOLIVAR;300;HATILLO DE LOBA;73,60;-;79,87;-;78,35;-;
13;BOLIVAR;430;MAGANGUE;49,15;4,24;64,58;5,29;54,39;3,31;
13;BOLIVAR;433;MAHATES;66,65;1,93;45,69;4,46;53,68;2,52;
13;BOLIVAR;440;MARGARITA;79,68;-;75,27;-;76,03;-;
13;BOLIVAR;442;MARIA LA BAJA;61,60;2,49;58,93;4,95;59,99;3,11;
13;BOLIVAR;458;MONTECRISTO;55,68;-;92,35;-;68,33;-;
13;BOLIVAR;468;MOMPOS;32,91;6,49;74,22;4,12;51,63;3,51;
13;BOLIVAR;490;NOROSI (1);79,50;-;92,20;-;88,81;-;
13;BOLIVAR;473;MORALES;54,06;-;69,12;-;63,80;-;
13;BOLIVAR;549;PINILLOS;64,12;-;83,12;-;81,05;-;
13;BOLIVAR;580;REGIDOR;69,97;-;64,33;-;66,73;-;
13;BOLIVAR;600;RIO VIEJO (1);66,52;-;88,81;-;76,98;-;
13;BOLIVAR;620;SAN CRISTOBAL;48,53;-;38,25;-;45,96;-;
13;BOLIVAR;647;SAN ESTANISLAO;59,19;2,26;51,94;3,22;57,08;1,87;
13;BOLIVAR;650;SAN FERNANDO;44,84;-;76,70;-;69,80;-;
13;BOLIVAR;654;SAN JACINTO;95,35;0,80;84,55;-;94,38;0,73;
13;BOLIVAR;655;SAN JACINTO DEL CAUCA;96,95;-;88,37;-;90,43;-;
13;BOLIVAR;657;SAN JUAN NEPOMUCENO;70,02;2,82;61,94;4,76;67,87;2,43;
13;BOLIVAR;667;SAN MARTIN DE LOBA;54,50;3,39;79,55;3,21;68,93;2,42;
13;BOLIVAR;670;SAN PABLO;62,22;1,98;79,67;-;65,93;1,47;
13;BOLIVAR;673;SANTA CATALINA;50,40;2,71;47,16;6,70;48,34;4,28;
13;BOLIVAR;683;SANTA ROSA;99,28;0,33;75,97;-;91,90;0,25;
13;BOLIVAR;688;SANTA ROSA DEL SUR;37,59;3,24;76,74;4,20;55,43;2,91;
13;BOLIVAR;744;SIMITI;42,48;-;73,50;-;62,00;-;
13;BOLIVAR;760;SOPLAVIENTO;53,08;2,00;60,49;-;53,23;1,95;
13;BOLIVAR;780;TALAIGUA NUEVO;59,13;-;67,26;-;63,48;-;
13;BOLIVAR;810;TIQUISIO;75,58;-;89,94;-;86,48;-;
13;BOLIVAR;836;TURBACO;49,87;3,27;46,90;6,11;49,62;3,05;
13;BOLIVAR;838;TURBANA;64,04;2,53;46,01;7,34;62,02;2,40;
13;BOLIVAR;873;VILLANUEVA;88,32;1,09;71,25;4,10;86,43;1,06;
13;BOLIVAR;894;ZAMBRANO;55,49;2,68;65,59;3,85;55,92;2,56;
15;BOYACA;001;TUNJA;10,79;10,75;36,34;7,56;12,01;9,25;
15;BOYACA;022;ALMEIDA;8,19;-;41,87;-;37,32;-;
15;BOYACA;047;AQUITANIA;24,23;-;53,05;-;42,76;-;
15;BOYACA;051;ARCABUCO;11,66;-;44,76;-;33,25;-;
15;BOYACA;087;BELEN;13,70;-;47,43;-;31,06;-;
15;BOYACA;090;BERBEO;18,97;-;40,53;-;36,12;-;
15;BOYACA;092;BETEITIVA;36,31;-;68,92;-;64,02;-;
15;BOYACA;097;BOAVITA;20,94;-;71,82;-;52,88;-;
15;BOYACA;104;BOYACA;14,18;-;54,45;2,71;51,01;2,64;
15;BOYACA;106;BRICEÑO;24,76;-;37,55;-;35,02;-;
15;BOYACA;109;BUENAVISTA;17,72;-;49,00;-;45,04;-;
15;BOYACA;114;BUSBANZA;20,96;-;76,70;-;57,97;-;
15;BOYACA;131;CALDAS;27,00;-;39,82;-;39,04;-;
15;BOYACA;135;CAMPOHERMOSO;16,54;-;51,14;-;44,05;-;
15;BOYACA;162;CERINZA;11,61;-;33,91;5,45;26,02;4,59;
15;BOYACA;172;CHINAVITA;18,05;-;43,97;-;35,79;-;
15;BOYACA;176;CHIQUINQUIRA;14,40;8,68;37,00;6,85;17,87;6,31;
15;BOYACA;180;CHISCAS;30,29;-;79,26;-;69,98;-;
15;BOYACA;183;CHITA;29,71;-;92,01;-;81,22;-;
15;BOYACA;185;CHITARAQUE;19,39;-;52,71;-;47,31;-;
15;BOYACA;187;CHIVATA;11,98;-;68,39;3,28;49,37;3,01;
15;BOYACA;189;CIENEGA;23,87;-;31,72;-;29,81;-;
15;BOYACA;204;COMBITA;24,15;-;39,70;4,49;38,40;4,25;
15;BOYACA;212;COPER;13,32;-;54,06;-;47,03;-;
15;BOYACA;215;CORRALES;17,88;-;44,46;-;27,95;-;
15;BOYACA;218;COVARACHIA;28,67;-;88,08;-;79,65;-;
15;BOYACA;223;CUBARA;20,35;-;72,11;-;58,46;-;
15;BOYACA;224;CUCAITA;33,57;-;48,00;4,45;42,91;3,23;
15;BOYACA;226;CUITIVA;49,72;-;45,84;-;46,19;-;
15;BOYACA;232;CHIQUIZA;81,82;-;48,44;3,92;49,00;3,81;
15;BOYACA;236;CHIVOR;15,37;-;40,25;-;34,16;-;
15;BOYACA;238;DUITAMA;7,46;13,70;19,87;17,53;8,99;11,06;
15;BOYACA;244;EL COCUY;27,25;-;79,51;-;54,67;-;
15;BOYACA;248;EL ESPINO;28,55;-;65,71;-;51,35;-;
15;BOYACA;272;FIRAVITOBA;10,42;-;36,10;4,02;27,59;3,52;
15;BOYACA;276;FLORESTA;23,13;-;56,58;3,34;46,14;2,82;
15;BOYACA;293;GACHANTIVA;15,12;-;66,90;-;60,35;-;
15;BOYACA;296;GAMEZA;20,39;-;53,68;-;44,19;-;
15;BOYACA;299;GARAGOA;15,23;7,56;45,79;6,08;23,06;4,83;
15;BOYACA;317;GUACAMAYAS;16,36;-;79,95;-;62,69;-;
15;BOYACA;322;GUATEQUE;13,30;-;55,82;-;25,96;-;
15;BOYACA;325;GUAYATA;14,54;-;57,09;-;48,08;-;
15;BOYACA;332;GsICAN;23,02;-;81,01;-;68,54;-;
15;BOYACA;362;IZA;10,95;-;32,33;-;23,22;-;
15;BOYACA;367;JENESANO;17,36;-;48,66;3,04;41,83;2,77;
15;BOYACA;368;JERICO;35,94;-;79,88;-;74,00;-;
15;BOYACA;377;LABRANZAGRANDE;21,60;-;81,60;-;70,15;-;
15;BOYACA;380;LA CAPILLA;12,63;-;31,43;-;25,30;-;
15;BOYACA;401;LA VICTORIA;32,45;-;54,20;-;44,74;-;
15;BOYACA;403;LA UVITA;14,65;-;67,39;-;49,63;-;
15;BOYACA;407;VILLA DE LEYVA;17,50;5,93;35,54;5,61;25,86;4,17;
15;BOYACA;425;MACANAL;15,48;-;40,18;-;35,23;-;
15;BOYACA;442;MARIPI;27,71;-;50,23;-;47,63;-;
15;BOYACA;455;MIRAFLORES;19,36;-;31,33;-;25,35;-;
15;BOYACA;464;MONGUA;25,10;-;58,48;-;47,14;-;
15;BOYACA;466;MONGUI;17,81;-;44,22;3,69;30,14;2,53;
15;BOYACA;469;MONIQUIRA;13,65;8,27;45,60;5,79;30,88;4,91;
15;BOYACA;476;MOTAVITA;42,12;-;51,11;2,51;50,19;2,30;
15;BOYACA;480;MUZO;32,60;-;61,97;-;45,67;-;
15;BOYACA;491;NOBSA;12,41;5,85;14,15;9,96;13,54;7,04;
15;BOYACA;494;NUEVO COLON;16,44;-;30,98;5,39;28,48;4,86;
15;BOYACA;500;OICATA;41,43;-;52,79;-;51,64;-;
15;BOYACA;507;OTANCHE;30,83;-;62,66;-;50,66;-;
15;BOYACA;511;PACHAVITA;20,97;-;39,77;-;37,00;-;
15;BOYACA;514;PAEZ;23,10;-;46,13;-;38,15;-;
15;BOYACA;516;PAIPA;10,75;9,32;27,36;8,42;18,07;6,42;
15;BOYACA;518;PAJARITO;24,25;-;52,44;-;41,63;-;
15;BOYACA;522;PANQUEBA;16,35;-;62,19;-;46,93;-;
15;BOYACA;531;PAUNA;36,26;-;70,07;-;61,74;-;
15;BOYACA;533;PAYA;53,58;-;88,00;-;82,42;-;
15;BOYACA;537;PAZ DE RIO;11,94;-;50,48;-;27,61;-;
15;BOYACA;542;PESCA;19,89;-;59,80;-;50,12;-;
15;BOYACA;550;PISBA;46,30;-;88,53;-;80,77;-;
15;BOYACA;572;PUERTO BOYACA;29,98;4,23;58,47;2,93;39,31;2,60;
15;BOYACA;580;QUIPAMA;26,27;-;60,85;-;53,78;-;
15;BOYACA;599;RAMIRIQUI;16,42;-;57,97;-;41,51;-;
15;BOYACA;600;RAQUIRA;51,94;-;62,33;-;60,22;-;
15;BOYACA;621;RONDON;26,16;-;44,47;-;41,71;-;
15;BOYACA;632;SABOYA;15,47;-;51,32;-;49,19;-;
15;BOYACA;638;SACHICA;29,08;-;59,15;3,24;46,08;2,35;
15;BOYACA;646;SAMACA;19,71;4,63;35,14;5,23;30,86;4,38;
15;BOYACA;660;SAN EDUARDO;23,00;-;35,24;-;30,72;-;
15;BOYACA;664;SAN JOSE DE PARE;15,18;-;50,96;3,36;44,83;3,17;
15;BOYACA;667;SAN LUIS DE GACENO;17,89;-;41,22;-;33,53;-;
15;BOYACA;673;SAN MATEO;22,27;-;65,11;-;52,08;-;
15;BOYACA;676;SAN MIGUEL DE SEMA;23,15;-;32,44;-;31,44;-;
15;BOYACA;681;SAN PABLO DE BORBUR;34,67;-;47,68;-;46,72;-;
15;BOYACA;686;SANTANA;26,63;-;48,74;-;42,46;-;
15;BOYACA;690;SANTA MARIA;21,53;-;46,39;-;32,73;-;
15;BOYACA;693;SANTA ROSA DE VITERBO;7,30;12,12;29,45;7,64;17,14;6,50;
15;BOYACA;696;SANTA SOFIA;11,58;-;43,88;-;35,81;-;
15;BOYACA;720;SATIVANORTE;32,22;-;68,12;-;60,40;-;
15;BOYACA;723;SATIVASUR;18,35;-;53,64;-;46,14;-;
15;BOYACA;740;SIACHOQUE;35,45;-;53,44;-;50,80;-;
15;BOYACA;753;SOATA;23,20;8,71;68,98;6,26;40,11;5,09;
15;BOYACA;755;SOCOTA;29,61;-;77,62;-;72,35;-;
15;BOYACA;757;SOCHA;13,44;-;43,69;-;29,14;-;
15;BOYACA;759;SOGAMOSO;7,21;14,06;34,39;8,86;11,60;8,47;
15;BOYACA;761;SOMONDOCO;8,65;-;45,11;-;36,90;-;
15;BOYACA;762;SORA;30,11;-;49,31;-;46,30;-;
15;BOYACA;763;SOTAQUIRA;24,89;-;38,65;5,12;37,48;4,83;
15;BOYACA;764;SORACA;37,26;-;47,54;3,90;46,26;3,51;
15;BOYACA;774;SUSACON;34,51;-;63,35;-;55,95;-;
15;BOYACA;776;SUTAMARCHAN;15,43;-;41,02;-;35,38;-;
15;BOYACA;778;SUTATENZA;15,67;-;65,93;-;57,70;-;
15;BOYACA;790;TASCO;26,12;-;44,31;-;39,49;-;
15;BOYACA;798;TENZA;10,03;-;34,60;-;28,23;-;
15;BOYACA;804;TIBANA;25,18;-;49,80;-;45,90;-;
15;BOYACA;806;TIBASOSA;10,03;7,20;19,22;7,58;16,18;6,20;
15;BOYACA;808;TINJACA;15,69;-;53,40;-;48,03;-;
15;BOYACA;810;TIPACOQUE;30,47;-;74,02;-;63,14;-;
15;BOYACA;814;TOCA;25,86;-;55,93;-;44,45;-;
15;BOYACA;816;TOGsI;19,83;-;47,83;-;44,00;-;
15;BOYACA;820;TOPAGA;22,72;-;32,89;4,71;29,40;3,46;
15;BOYACA;822;TOTA;24,56;-;64,73;-;60,64;-;
15;BOYACA;832;TUNUNGUA;11,15;-;24,94;-;22,67;-;
15;BOYACA;835;TURMEQUE;15,68;-;39,93;5,39;32,11;4,54;
15;BOYACA;837;TUTA;11,19;-;39,29;3,58;32,46;3,28;
15;BOYACA;839;TUTAZA;19,69;-;49,30;-;46,68;-;
15;BOYACA;842;UMBITA;39,03;-;48,88;-;47,36;-;
15;BOYACA;861;VENTAQUEMADA;22,08;-;29,44;4,96;28,45;4,44;
15;BOYACA;879;VIRACACHA;20,16;-;40,23;-;38,02;-;
15;BOYACA;897;ZETAQUIRA;14,40;-;43,90;-;38,08;-;
17;CALDAS;001;MANIZALES;9,00;8,87;23,59;10,17;10,03;7,59;
17;CALDAS;013;AGUADAS;15,05;10,40;29,21;13,93;22,99;10,37;
17;CALDAS;042;ANSERMA;18,68;8,60;19,62;15,95;19,08;8,43;
17;CALDAS;050;ARANZAZU;17,22;7,34;24,02;13,97;20,34;8,28;
17;CALDAS;088;BELALCAZAR;21,35;-;34,29;-;28,78;-;
17;CALDAS;174;CHINCHINA;17,81;8,67;22,84;15,60;18,58;7,62;
17;CALDAS;272;FILADELFIA;15,43;6,72;32,00;7,42;26,57;6,14;
17;CALDAS;380;LA DORADA;23,13;7,08;41,68;5,17;25,07;5,92;
17;CALDAS;388;LA MERCED;11,09;-;32,89;-;25,78;-;
17;CALDAS;433;MANZANARES;21,05;8,28;34,59;12,05;28,13;8,29;
17;CALDAS;442;MARMATO;77,81;-;29,30;-;35,99;-;
17;CALDAS;444;MARQUETALIA;21,17;-;30,81;-;26,90;-;
17;CALDAS;446;MARULANDA;22,32;-;20,81;-;21,43;-;
17;CALDAS;486;NEIRA;16,78;6,70;28,34;7,56;22,56;5,36;
17;CALDAS;495;NORCASIA;24,17;-;59,10;-;36,66;-;
17;CALDAS;513;PACORA;15,06;8,01;32,25;7,33;24,88;5,81;
17;CALDAS;524;PALESTINA;18,57;6,84;29,32;8,79;25,85;6,94;
17;CALDAS;541;PENSILVANIA;20,58;5,29;25,08;8,29;23,61;6,11;
17;CALDAS;614;RIOSUCIO;11,25;8,34;31,30;-;23,82;1,47;
17;CALDAS;616;RISARALDA;15,96;-;30,26;-;24,61;-;
17;CALDAS;653;SALAMINA;15,94;9,85;23,42;10,95;18,85;7,34;
17;CALDAS;662;SAMANA;21,68;-;37,05;-;32,93;-;
17;CALDAS;665;SAN JOSE;18,14;-;27,59;-;25,23;-;
17;CALDAS;777;SUPIA;18,62;8,25;29,56;6,75;24,30;5,24;
17;CALDAS;867;VICTORIA;17,84;-;39,56;-;30,66;-;
17;CALDAS;873;VILLAMARIA;9,26;9,81;24,99;9,33;12,50;6,93;
17;CALDAS;877;VITERBO;20,46;5,21;23,61;14,17;20,82;4,89;
18;CAQUETA;001;FLORENCIA;24,84;5,99;43,72;5,41;26,85;5,04;
18;CAQUETA;029;ALBANIA;30,47;-;37,48;-;35,03;-;
18;CAQUETA;094;BELEN DE LOS ANDAQUIES;36,35;-;59,90;-;47,83;-;
18;CAQUETA;150;CARTAGENA DEL CHAIRA;40,53;-;61,08;-;51,57;-;
18;CAQUETA;205;CURILLO;39,42;4,75;57,79;5,83;44,58;3,69;
18;CAQUETA;247;EL DONCELLO;36,75;4,93;55,33;-;42,34;2,99;
18;CAQUETA;256;EL PAUJIL;44,95;-;67,08;-;54,22;-;
18;CAQUETA;410;LA MONTAÑITA;42,27;-;72,38;-;65,29;-;
18;CAQUETA;460;MILAN;42,91;-;64,46;-;60,77;-;
18;CAQUETA;479;MORELIA;36,88;-;43,05;-;40,27;-;
18;CAQUETA;592;PUERTO RICO;36,32;4,60;68,35;7,63;46,20;4,29;
18;CAQUETA;610;SAN JOSE DEL FRAGUA;39,00;-;59,80;-;49,72;-;
18;CAQUETA;753;SAN VICENTE DEL CAGUAN;53,30;2,15;56,07;1,73;53,98;1,66;
18;CAQUETA;756;SOLANO;100,00;;100,00;;100,00;;Se asignó el máximo valor de NBI (100%) por no contar con información suficiente para su estimación
18;CAQUETA;785;SOLITA;38,11;-;62,59;-;52,87;-;
18;CAQUETA;860;VALPARAISO;41,04;-;50,63;-;46,94;-;
19;CAUCA;001;POPAYAN;15,47;7,17;37,29;6,59;18,07;5,64;
19;CAUCA;022;ALMAGUER;50,82;-;92,12;-;88,54;-;
19;CAUCA;050;ARGELIA;100,00;;100,00;;100,00;;Se asignó el máximo valor de NBI (100%) por no contar con información suficiente para su estimación
19;CAUCA;075;BALBOA;40,12;-;69,97;-;62,13;-;
19;CAUCA;100;BOLIVAR;22,75;9,62;72,78;3,36;67,00;3,25;
19;CAUCA;110;BUENOS AIRES;25,74;-;60,83;2,36;57,89;2,27;
19;CAUCA;130;CAJIBIO;22,03;-;65,74;-;63,74;-;
19;CAUCA;137;CALDONO;27,49;-;71,82;-;69,87;-;
19;CAUCA;142;CALOTO (1);13,95;10,45;57,95;3,88;48,94;3,71;
19;CAUCA;212;CORINTO;21,23;8,49;82,30;1,29;53,58;1,90;
19;CAUCA;256;EL TAMBO;33,77;-;57,46;-;53,45;-;
19;CAUCA;290;FLORENCIA;24,13;-;53,09;-;46,74;-;
19;CAUCA;300;GUACHENE (1);24,67;31,07;26,70;10,36;26,23;10,63;
19;CAUCA;318;GUAPI;97,55;0,60;73,57;-;87,42;0,39;
19;CAUCA;355;INZA;24,75;-;72,26;-;68,44;-;
19;CAUCA;364;JAMBALO;23,15;-;76,36;-;72,95;-;
19;CAUCA;392;LA SIERRA;41,81;-;59,18;-;56,91;-;
19;CAUCA;397;LA VEGA;30,78;-;74,04;-;70,62;-;
19;CAUCA;418;LOPEZ;56,98;-;38,93;-;44,81;-;
19;CAUCA;450;MERCADERES;37,65;-;79,96;-;69,05;-;
19;CAUCA;455;MIRANDA;51,22;1,35;47,98;4,37;50,28;1,55;
19;CAUCA;473;MORALES;25,80;-;64,83;-;62,29;-;
19;CAUCA;513;PADILLA;18,59;6,10;25,38;9,84;22,17;6,41;
19;CAUCA;517;PAEZ;21,36;-;68,28;-;64,27;-;
19;CAUCA;532;PATIA;27,53;4,40;43,18;7,03;34,39;4,35;
19;CAUCA;533;PIAMONTE;100,00;;100,00;;100,00;;Se asignó el máximo valor de NBI (100%) por no contar con información suficiente para su estimación
19;CAUCA;548;PIENDAMO;26,47;5,38;44,27;4,85;37,98;3,89;
19;CAUCA;573;PUERTO TEJADA;18,52;8,20;14,56;14,99;18,05;7,55;
19;CAUCA;585;PURACE;44,71;-;51,47;-;50,68;-;
19;CAUCA;622;ROSAS;26,55;-;71,62;-;65,93;-;
19;CAUCA;693;SAN SEBASTIAN;36,22;-;78,27;-;74,96;-;
19;CAUCA;698;SANTANDER DE QUILICHAO;14,01;2,77;53,54;1,39;33,60;1,24;
19;CAUCA;701;SANTA ROSA;67,41;-;81,39;-;77,72;-;
19;CAUCA;743;SILVIA;12,22;-;56,00;-;50,29;-;
19;CAUCA;760;SOTARA;30,93;-;57,91;-;57,27;-;
19;CAUCA;780;SUAREZ;28,23;6,90;69,10;3,69;59,51;3,37;
19;CAUCA;785;SUCRE;55,72;-;85,12;-;80,28;-;
19;CAUCA;807;TIMBIO;25,41;5,55;42,17;4,45;36,04;3,60;
19;CAUCA;809;TIMBIQUI;60,32;-;75,42;-;73,19;-;
19;CAUCA;821;TORIBIO;32,86;-;63,69;-;61,81;-;
19;CAUCA;824;TOTORO;32,40;-;63,42;-;60,97;-;
19;CAUCA;845;VILLA RICA;34,32;4,30;20,89;9,94;30,66;3,96;
20;CESAR;001;VALLEDUPAR;27,23;3,41;63,37;3,05;32,74;2,56;
20;CESAR;011;AGUACHICA;36,03;4,52;72,85;3,93;41,90;3,44;
20;CESAR;013;AGUSTIN CODAZZI;43,94;4,49;70,80;4,69;51,44;3,30;
20;CESAR;032;ASTREA;62,83;2,65;78,57;4,02;70,86;2,55;
20;CESAR;045;BECERRIL;46,16;4,85;81,51;3,02;56,51;3,08;
20;CESAR;060;BOSCONIA;49,39;2,78;57,78;3,22;50,20;2,50;
20;CESAR;175;CHIMICHAGUA;56,96;3,53;72,27;3,82;66,64;2,84;
20;CESAR;178;CHIRIGUANA;46,07;4,09;65,27;5,20;53,52;3,27;
20;CESAR;228;CURUMANI;41,46;5,41;60,76;5,96;47,89;4,01;
20;CESAR;238;EL COPEY;46,19;3,97;65,62;4,42;51,17;3,03;
20;CESAR;250;EL PASO;58,88;3,11;62,48;4,15;61,82;3,47;
20;CESAR;295;GAMARRA;43,29;3,85;59,41;3,44;50,52;2,57;
20;CESAR;310;GONZALEZ;30,90;6,40;73,39;2,86;66,33;2,68;
20;CESAR;383;LA GLORIA;52,46;2,35;56,32;5,93;54,77;3,77;
20;CESAR;400;LA JAGUA DE IBIRICO;51,28;3,26;71,19;4,82;55,65;2,71;
20;CESAR;443;MANAURE;47,63;-;84,21;-;55,29;-;
20;CESAR;517;PAILITAS;44,00;3,49;71,95;4,62;51,27;2,78;
20;CESAR;550;PELAYA;51,84;2,78;62,95;5,70;55,36;2,72;
20;CESAR;570;PUEBLO BELLO;48,47;3,16;94,39;0,86;83,40;0,86;
20;CESAR;614;RIO DE ORO;20,88;5,31;68,78;3,42;49,66;2,98;
20;CESAR;621;LA PAZ;38,69;3,90;67,19;5,15;49,34;3,24;
20;CESAR;710;SAN ALBERTO;29,24;4,68;46,79;5,70;34,26;3,62;
20;CESAR;750;SAN DIEGO;32,35;6,12;49,52;5,88;40,29;4,26;
20;CESAR;770;SAN MARTIN;38,96;2,99;53,35;4,65;46,86;3,11;
20;CESAR;787;TAMALAMEQUE;54,50;-;65,34;-;61,29;-;
23;CORDOBA;001;MONTERIA;34,29;2,72;75,94;2,84;44,51;1,98;
23;CORDOBA;068;AYAPEL;49,08;3,72;73,61;4,08;61,55;2,88;
23;CORDOBA;079;BUENAVISTA;49,36;-;68,06;-;61,34;-;
23;CORDOBA;090;CANALETE;65,32;-;92,45;-;85,95;-;
23;CORDOBA;162;CERETE;36,87;5,50;67,69;3,14;50,43;2,92;
23;CORDOBA;168;CHIMA (3);60,99;-;63,36;-;62,87;-;
23;CORDOBA;182;CHINU;39,66;4,05;67,04;3,15;53,78;2,49;
23;CORDOBA;189;CIENAGA DE ORO;47,00;3,46;71,34;2,71;61,84;2,17;
23;CORDOBA;300;COTORRA;71,34;-;58,30;-;61,27;-;
23;CORDOBA;350;LA APARTADA;52,40;3,04;58,59;5,50;53,65;2,66;
23;CORDOBA;417;LORICA;51,05;4,27;74,18;3,64;64,70;2,82;
23;CORDOBA;419;LOS CORDOBAS;73,11;-;88,19;-;85,38;-;
23;CORDOBA;464;MOMIL;62,21;-;65,60;-;63,47;-;
23;CORDOBA;466;MONTELIBANO (1);41,14;4,25;68,94;7,76;45,11;3,84;
23;CORDOBA;500;MOÑITOS;54,04;-;84,00;-;77,14;-;
23;CORDOBA;555;PLANETA RICA;43,81;4,77;82,60;2,21;58,45;2,52;
23;CORDOBA;570;PUEBLO NUEVO;46,14;3,01;72,48;2,94;63,04;2,31;
23;CORDOBA;574;PUERTO ESCONDIDO;58,43;-;89,53;-;84,60;-;
23;CORDOBA;580;PUERTO LIBERTADOR;51,20;3,24;73,14;4,03;64,41;2,94;
23;CORDOBA;586;PURISIMA;53,66;-;77,68;-;67,63;-;
23;CORDOBA;660;SAHAGUN;41,55;4,90;67,09;4,78;53,80;3,47;
23;CORDOBA;670;SAN ANDRES SOTAVENTO (3);53,68;-;92,80;-;82,47;-;
23;CORDOBA;672;SAN ANTERO;60,46;1,98;71,98;2,28;65,64;1,50;
23;CORDOBA;675;SAN BERNARDO DEL VIENTO;45,16;3,37;79,70;2,19;70,71;1,91;
23;CORDOBA;678;SAN CARLOS;50,97;-;69,85;-;66,22;-;
23;CORDOBA;682;SAN JOSE DE URE (1);68,55;9,27;81,99;8,61;72,53;6,83;
23;CORDOBA;686;SAN PELAYO;42,15;-;68,00;-;63,40;-;
23;CORDOBA;807;TIERRALTA;52,78;2,78;88,29;1,68;73,29;1,44;
23;CORDOBA;815;TUCHÍN (3);63,96;-;96,89;-;92,26;-;
23;CORDOBA;855;VALENCIA;58,00;2,68;86,41;2,44;76,17;1,92;
25;CUNDINAMARCA;001;AGUA DE DIOS;15,17;8,52;38,92;5,53;20,67;5,37;
25;CUNDINAMARCA;019;ALBAN;20,57;-;27,62;-;25,78;-;
25;CUNDINAMARCA;035;ANAPOIMA;21,25;-;36,42;-;29,98;-;
25;CUNDINAMARCA;040;ANOLAIMA;16,65;-;31,20;-;26,86;-;
25;CUNDINAMARCA;053;ARBELAEZ;20,66;5,89;28,30;11,17;25,25;7,76;
25;CUNDINAMARCA;086;BELTRAN;33,23;-;33,99;-;33,86;-;
25;CUNDINAMARCA;095;BITUIMA;12,81;-;35,70;-;32,09;-;
25;CUNDINAMARCA;099;BOJACA;20,68;5,53;21,13;10,90;20,78;4,94;
25;CUNDINAMARCA;120;CABRERA;23,66;-;41,28;-;37,44;-;
25;CUNDINAMARCA;123;CACHIPAY;16,11;-;23,96;-;21,43;-;
25;CUNDINAMARCA;126;CAJICA;10,99;9,72;15,45;12,82;12,74;7,95;
25;CUNDINAMARCA;148;CAPARRAPI;19,56;-;61,23;-;53,90;-;
25;CUNDINAMARCA;151;CAQUEZA;16,58;8,12;38,99;5,88;30,34;4,95;
25;CUNDINAMARCA;154;CARMEN DE CARUPA;26,55;-;42,26;-;39,19;-;
25;CUNDINAMARCA;168;CHAGUANI;14,66;-;51,28;-;44,09;-;
25;CUNDINAMARCA;175;CHIA;6,13;12,18;10,08;6,75;7,11;8,24;
25;CUNDINAMARCA;178;CHIPAQUE;15,69;-;35,91;4,31;30,34;3,70;
25;CUNDINAMARCA;181;CHOACHI;16,52;6,48;27,66;10,09;24,31;8,14;
25;CUNDINAMARCA;183;CHOCONTA;34,24;3,84;46,09;2,67;39,98;2,26;
25;CUNDINAMARCA;200;COGUA;10,22;-;14,41;-;13,16;-;
25;CUNDINAMARCA;214;COTA;15,29;6,52;12,16;11,92;13,88;6,14;
25;CUNDINAMARCA;224;CUCUNUBA;24,40;-;43,99;-;40,73;-;
25;CUNDINAMARCA;245;EL COLEGIO;14,06;8,30;25,66;8,46;21,32;6,69;
25;CUNDINAMARCA;258;EL PEÑON;11,66;-;51,59;-;48,00;-;
25;CUNDINAMARCA;260;EL ROSAL;27,94;-;15,79;-;24,68;-;
25;CUNDINAMARCA;269;FACATATIVA;12,06;9,58;21,99;8,51;13,09;8,05;
25;CUNDINAMARCA;279;FOMEQUE;13,51;-;38,92;-;30,36;-;
25;CUNDINAMARCA;281;FOSCA;26,51;-;42,56;4,07;38,92;3,44;
25;CUNDINAMARCA;286;FUNZA;13,14;8,06;18,48;10,64;13,41;7,54;
25;CUNDINAMARCA;288;FUQUENE;9,96;-;24,07;-;23,43;-;
25;CUNDINAMARCA;290;FUSAGASUGA;16,05;8,39;22,92;10,40;17,44;6,75;
25;CUNDINAMARCA;293;GACHALA;21,74;-;39,44;-;33,67;-;
25;CUNDINAMARCA;295;GACHANCIPA;24,22;3,36;17,08;8,16;20,96;3,69;
25;CUNDINAMARCA;297;GACHETA;10,26;-;51,50;-;38,89;-;
25;CUNDINAMARCA;299;GAMA;7,17;-;31,32;-;27,27;-;
25;CUNDINAMARCA;307;GIRARDOT;19,20;10,17;44,49;5,20;20,09;9,39;
25;CUNDINAMARCA;312;GRANADA;18,03;-;18,32;9,02;18,25;6,93;
25;CUNDINAMARCA;317;GUACHETA;28,39;-;34,86;-;32,82;-;
25;CUNDINAMARCA;320;GUADUAS;27,89;5,00;31,61;10,36;29,84;6,16;
25;CUNDINAMARCA;322;GUASCA;11,97;6,43;21,72;8,92;18,52;7,16;
25;CUNDINAMARCA;324;GUATAQUI;37,18;-;55,90;-;47,11;-;
25;CUNDINAMARCA;326;GUATAVITA;9,02;-;28,98;6,15;22,93;5,42;
25;CUNDINAMARCA;328;GUAYABAL DE SIQUIMA;11,84;-;32,48;-;27,60;-;
25;CUNDINAMARCA;335;GUAYABETAL;22,46;-;35,36;-;31,69;-;
25;CUNDINAMARCA;339;GUTIERREZ;28,30;-;52,42;-;46,75;-;
25;CUNDINAMARCA;368;JERUSALEN;26,32;-;58,30;-;51,14;-;
25;CUNDINAMARCA;372;JUNIN;9,29;-;36,77;-;34,11;-;
25;CUNDINAMARCA;377;LA CALERA;4,45;14,88;19,33;-;13,36;1,99;
25;CUNDINAMARCA;386;LA MESA;11,76;9,38;36,83;7,82;23,69;6,28;
25;CUNDINAMARCA;394;LA PALMA;16,64;8,37;60,41;5,12;42,75;4,51;
25;CUNDINAMARCA;398;LA PEÑA;20,23;-;76,40;-;68,49;-;
25;CUNDINAMARCA;402;LA VEGA;15,07;-;29,89;-;24,80;-;
25;CUNDINAMARCA;407;LENGUAZAQUE;17,67;-;36,44;-;32,41;-;
25;CUNDINAMARCA;426;MACHETA;17,48;-;52,44;3,66;45,07;3,36;
25;CUNDINAMARCA;430;MADRID;13,66;9,53;13,36;14,30;13,62;8,48;
25;CUNDINAMARCA;436;MANTA;10,27;-;45,88;-;37,61;-;
25;CUNDINAMARCA;438;MEDINA;25,78;-;51,98;-;42,76;-;
25;CUNDINAMARCA;473;MOSQUERA;10,21;8,57;27,16;8,93;11,06;7,59;
25;CUNDINAMARCA;483;NARIÑO;41,88;-;47,80;-;43,93;-;
25;CUNDINAMARCA;486;NEMOCON;14,58;6,93;19,22;9,90;17,16;6,70;
25;CUNDINAMARCA;488;NILO;18,68;-;27,36;4,69;24,01;3,29;
25;CUNDINAMARCA;489;NIMAIMA;14,76;-;39,10;-;29,00;-;
25;CUNDINAMARCA;491;NOCAIMA;16,61;-;44,52;-;35,27;-;
25;CUNDINAMARCA;506;VENECIA;12,60;-;29,08;-;25,05;-;
25;CUNDINAMARCA;513;PACHO;17,60;7,06;27,48;14,31;22,22;8,80;
25;CUNDINAMARCA;518;PAIME;16,07;-;64,34;-;59,72;-;
25;CUNDINAMARCA;524;PANDI;24,25;-;38,67;4,14;35,98;3,62;
25;CUNDINAMARCA;530;PARATEBUENO;27,29;-;43,52;-;38,88;-;
25;CUNDINAMARCA;535;PASCA;22,28;-;27,42;5,75;26,24;4,63;
25;CUNDINAMARCA;572;PUERTO SALGAR;19,08;6,17;55,77;4,09;29,26;3,62;
25;CUNDINAMARCA;580;PULI;23,60;-;46,28;-;41,70;-;
25;CUNDINAMARCA;592;QUEBRADANEGRA;24,78;-;40,75;-;39,53;-;
25;CUNDINAMARCA;594;QUETAME;29,28;-;41,82;-;39,23;-;
25;CUNDINAMARCA;596;QUIPILE;17,26;-;45,10;-;42,72;-;
25;CUNDINAMARCA;599;APULO;23,50;-;47,10;-;37,59;-;
25;CUNDINAMARCA;612;RICAURTE;29,81;-;41,68;4,18;36,63;2,73;
25;CUNDINAMARCA;645;SAN ANTONIO DEL TEQUENDAMA;33,17;-;27,11;6,22;27,61;5,61;
25;CUNDINAMARCA;649;SAN BERNARDO;20,80;9,08;30,91;13,98;27,10;10,28;
25;CUNDINAMARCA;653;SAN CAYETANO;22,12;-;39,97;-;37,71;-;
25;CUNDINAMARCA;658;SAN FRANCISCO;20,56;-;23,73;-;22,63;-;
25;CUNDINAMARCA;662;SAN JUAN DE RIO SECO;13,32;-;42,78;-;34,15;-;
25;CUNDINAMARCA;718;SASAIMA;10,56;-;28,70;-;24,77;-;
25;CUNDINAMARCA;736;SESQUILE;8,83;-;19,02;5,18;16,56;4,51;
25;CUNDINAMARCA;740;SIBATE;12,61;11,16;26,20;8,50;16,65;7,14;
25;CUNDINAMARCA;743;SILVANIA;18,41;6,84;26,88;7,87;24,62;6,44;
25;CUNDINAMARCA;745;SIMIJACA;16,50;-;28,23;-;22,05;-;
25;CUNDINAMARCA;754;SOACHA;15,91;5,64;35,22;3,13;16,16;5,48;
25;CUNDINAMARCA;758;SOPO;8,68;7,80;9,35;13,11;8,94;7,08;
25;CUNDINAMARCA;769;SUBACHOQUE;12,20;-;15,26;-;14,02;-;
25;CUNDINAMARCA;772;SUESCA;21,40;4,76;25,47;-;23,62;1,96;
25;CUNDINAMARCA;777;SUPATA;19,91;-;37,97;-;32,95;-;
25;CUNDINAMARCA;779;SUSA;29,29;-;32,08;-;30,71;-;
25;CUNDINAMARCA;781;SUTATAUSA;19,84;-;34,21;-;30,00;-;
25;CUNDINAMARCA;785;TABIO;14,75;4,48;10,48;9,89;12,40;5,19;
25;CUNDINAMARCA;793;TAUSA;21,37;-;25,99;-;25,50;-;
25;CUNDINAMARCA;797;TENA;24,36;-;24,15;-;24,17;-;
25;CUNDINAMARCA;799;TENJO;17,13;-;15,28;-;16,17;-;
25;CUNDINAMARCA;805;TIBACUY;32,69;-;38,14;4,97;37,47;4,43;
25;CUNDINAMARCA;807;TIBIRITA;9,15;-;39,03;-;34,05;-;
25;CUNDINAMARCA;815;TOCAIMA;25,13;5,10;46,86;5,21;33,77;3,67;
25;CUNDINAMARCA;817;TOCANCIPA;22,38;4,30;18,43;8,08;20,01;4,87;
25;CUNDINAMARCA;823;TOPAIPI;29,49;-;69,61;-;63,58;-;
25;CUNDINAMARCA;839;UBALA;26,19;-;51,54;-;49,47;-;
25;CUNDINAMARCA;841;UBAQUE;11,92;-;35,07;5,19;32,15;4,94;
25;CUNDINAMARCA;843;VILLA DE SAN DIEGO DE UBATE;16,51;7,24;29,97;12,93;20,94;7,20;
25;CUNDINAMARCA;845;UNE;25,04;4,35;30,85;6,14;28,17;4,03;
25;CUNDINAMARCA;851;UTICA;32,10;-;55,29;-;42,70;-;
25;CUNDINAMARCA;862;VERGARA;20,85;-;58,31;-;52,14;-;
25;CUNDINAMARCA;867;VIANI;26,90;-;32,51;-;30,86;-;
25;CUNDINAMARCA;871;VILLAGOMEZ;29,10;-;47,94;-;42,95;-;
25;CUNDINAMARCA;873;VILLAPINZON;17,65;6,84;29,73;8,71;25,85;6,96;
25;CUNDINAMARCA;875;VILLETA;12,44;10,69;35,35;9,63;21,34;7,27;
25;CUNDINAMARCA;878;VIOTA;31,38;-;41,65;-;38,46;-;
25;CUNDINAMARCA;885;YACOPI;32,82;-;72,95;-;64,73;-;
25;CUNDINAMARCA;898;ZIPACON;31,83;-;29,93;3,25;30,57;2,11;
25;CUNDINAMARCA;899;ZIPAQUIRA;12,16;10,42;18,74;10,73;13,00;8,72;
27;CHOCO;001;QUIBDO;90,46;1,14;78,54;-;89,47;1,06;
27;CHOCO;006;ACANDI;33,01;-;65,07;-;49,25;-;
27;CHOCO;025;ALTO BAUDO;99,87;-;96,41;-;97,18;-;
27;CHOCO;050;ATRATO;97,84;-;71,26;-;80,11;-;
27;CHOCO;073;BAGADO;67,51;-;91,27;-;84,49;-;
27;CHOCO;075;BAHIA SOLANO;27,89;-;32,25;-;30,19;-;
27;CHOCO;077;BAJO BAUDO;44,92;-;84,12;-;78,28;-;
27;CHOCO;099;BOJAYA;97,06;-;94,83;-;96,03;-;
27;CHOCO;135;EL CANTON DEL SAN PABLO;52,87;-;52,32;-;52,55;-;
27;CHOCO;150;CARMEN DEL DARIEN;88,46;-;91,37;-;90,67;-;
27;CHOCO;160;CERTEGUI;92,85;-;80,47;-;87,24;-;
27;CHOCO;205;CONDOTO;65,99;-;54,41;-;62,58;-;
27;CHOCO;245;EL CARMEN DE ATRATO;13,89;-;51,93;-;31,70;-;
27;CHOCO;250;EL LITORAL DEL SAN JUAN;54,46;-;81,43;-;77,55;-;
27;CHOCO;361;ISTMINA;92,32;0,90;73,59;-;88,08;0,73;
27;CHOCO;372;JURADO;93,07;-;80,83;-;86,21;-;
27;CHOCO;413;LLORO;45,95;-;81,44;-;71,78;-;
27;CHOCO;425;MEDIO ATRATO;100,00;;100,00;;100,00;;Se asignó el máximo valor de NBI (100%) por no contar con información suficiente para su estimación
27;CHOCO;430;MEDIO BAUDO;100,00;;100,00;;100,00;;Se asignó el máximo valor de NBI (100%) por no contar con información suficiente para su estimación
27;CHOCO;450;MEDIO SAN JUAN;44,91;-;64,92;-;58,20;-;
27;CHOCO;491;NOVITA;53,35;-;72,80;-;66,19;-;
27;CHOCO;495;NUQUI;37,89;-;48,36;-;45,24;-;
27;CHOCO;580;RIO IRO;83,49;-;82,52;-;82,68;-;
27;CHOCO;600;RIO QUITO;99,38;-;93,82;-;98,81;-;
27;CHOCO;615;RIOSUCIO (2);99,72;-;79,90;-;85,21;-;Según fallo del Consejo de Estado del 22 de noviembre de 2007, Exp 2001-00458, la ordenanza 011 del 2000 de la Asamblea Departamental del Chocó fue declarada nula. Actualmente persisten controversias sobre los límites departamentales entre Chocó y Antioquia, que están siendo revisados por las autoridades competentes. Una vez se  diriman dichas divergencias limítrofes el DANE hará los ajustes poblacionales pertinentes.
27;CHOCO;660;SAN JOSE DEL PALMAR;30,18;-;45,83;-;42,02;-;
27;CHOCO;745;SIPI;42,11;-;47,58;-;47,47;-;
27;CHOCO;787;TADO;89,30;1,22;82,43;-;86,86;0,81;
27;CHOCO;800;UNGUIA;42,18;-;68,67;-;60,63;-;
27;CHOCO;810;UNION PANAMERICANA;69,71;-;43,44;-;53,39;-;
41;HUILA;001;NEIVA;15,96;8,83;43,38;6,01;17,70;7,51;
41;HUILA;006;ACEVEDO;97,69;-;57,01;-;64,10;-;
41;HUILA;013;AGRADO;37,75;-;53,57;-;44,92;-;
41;HUILA;016;AIPE;32,31;3,72;47,23;3,12;38,01;2,45;
41;HUILA;020;ALGECIRAS;40,08;2,78;62,72;-;49,20;1,35;
41;HUILA;026;ALTAMIRA;15,11;-;40,78;-;23,58;-;
41;HUILA;078;BARAYA;100,00;;100,00;;100,00;;Se asignó el máximo valor de NBI (100%) por no contar con información suficiente para su estimación
41;HUILA;132;CAMPOALEGRE;22,74;6,29;38,19;5,89;26,67;4,54;
41;HUILA;206;COLOMBIA;40,68;-;69,92;-;64,77;-;
41;HUILA;244;ELIAS;20,24;-;39,53;-;33,27;-;
41;HUILA;298;GARZON;18,53;7,87;42,73;5,68;30,93;4,63;
41;HUILA;306;GIGANTE;21,99;4,98;39,72;4,80;30,70;3,55;
41;HUILA;319;GUADALUPE;20,05;-;43,88;-;36,94;-;
41;HUILA;349;HOBO;25,81;4,63;53,71;3,37;32,68;3,08;
41;HUILA;357;IQUIRA;12,96;-;53,71;-;44,29;-;
41;HUILA;359;ISNOS;28,65;-;51,17;-;46,63;-;
41;HUILA;378;LA ARGENTINA;32,14;-;50,54;-;44,67;-;
41;HUILA;396;LA PLATA;22,44;6,08;58,82;3,60;44,51;3,13;
41;HUILA;483;NATAGA;30,25;-;48,12;-;42,28;-;
41;HUILA;503;OPORAPA;47,04;-;55,85;-;53,30;-;
41;HUILA;518;PAICOL;17,23;-;52,10;-;38,44;-;
41;HUILA;524;PALERMO;30,73;4,04;29,77;5,10;30,22;3,30;
41;HUILA;530;PALESTINA;26,59;-;48,67;-;44,97;-;
41;HUILA;548;PITAL;27,71;-;53,77;-;44,85;-;
41;HUILA;551;PITALITO;26,22;8,76;52,52;4,73;37,08;4,57;
41;HUILA;615;RIVERA;29,99;3,76;35,07;6,16;32,32;3,60;
41;HUILA;660;SALADOBLANCO;30,59;-;54,52;-;49,44;-;
41;HUILA;668;SAN AGUSTIN;30,08;4,15;48,70;4,46;42,49;3,55;
41;HUILA;676;SANTA MARIA;23,96;-;48,65;-;42,02;-;
41;HUILA;770;SUAZA;23,48;-;52,00;-;45,69;-;
41;HUILA;791;TARQUI;31,22;-;44,43;-;40,85;-;
41;HUILA;797;TESALIA;25,79;-;34,16;-;29,53;-;
41;HUILA;799;TELLO;44,51;3,26;59,91;3,04;53,45;2,28;
41;HUILA;801;TERUEL;20,89;5,47;47,74;4,35;34,45;3,46;
41;HUILA;807;TIMANA;20,93;5,52;36,80;8,11;31,45;6,41;
41;HUILA;872;VILLAVIEJA;28,57;-;45,65;-;40,00;-;
41;HUILA;885;YAGUARA;18,32;4,16;41,06;-;21,84;2,95;
44;LA GUAJIRA;001;RIOHACHA;40,60;3,13;85,45;-;49,10;2,10;
44;LA GUAJIRA;035;ALBANIA;28,00;3,74;86,21;-;60,95;0,75;
44;LA GUAJIRA;078;BARRANCAS;28,75;3,81;79,23;1,00;54,15;1,25;
44;LA GUAJIRA;090;DIBULLA;39,36;4,09;71,00;-;66,52;0,34;
44;LA GUAJIRA;098;DISTRACCION;31,01;5,10;79,52;-;62,88;0,86;
44;LA GUAJIRA;110;EL MOLINO;43,51;2,01;94,49;-;56,49;1,16;
44;LA GUAJIRA;279;FONSECA;27,68;4,71;80,91;1,86;43,37;2,35;
44;LA GUAJIRA;378;HATONUEVO;32,38;3,75;97,99;-;58,69;1,24;
44;LA GUAJIRA;420;LA JAGUA DEL PILAR;57,27;-;89,72;-;66,75;-;
44;LA GUAJIRA;430;MAICAO;51,53;-;95,89;-;68,36;-;
44;LA GUAJIRA;560;MANAURE;50,60;1,60;98,28;-;79,75;0,39;
44;LA GUAJIRA;650;SAN JUAN DEL CESAR;24,58;6,61;73,66;1,10;44,79;2,26;
44;LA GUAJIRA;847;URIBIA;43,26;3,61;98,42;-;96,05;0,07;
44;LA GUAJIRA;855;URUMITA;35,85;3,06;96,51;-;62,98;0,96;
44;LA GUAJIRA;874;VILLANUEVA;32,96;3,59;96,88;-;47,57;1,92;
47;MAGDALENA;001;SANTA MARTA;27,39;2,73;49,72;4,96;29,03;2,46;
47;MAGDALENA;030;ALGARROBO;63,03;2,84;67,45;4,29;64,65;2,40;
47;MAGDALENA;053;ARACATACA;61,96;5,97;60,65;6,38;61,40;4,37;
47;MAGDALENA;058;ARIGUANI;54,88;4,76;65,56;4,12;59,22;3,21;
47;MAGDALENA;161;CERRO SAN ANTONIO;58,11;-;70,03;-;63,73;-;
47;MAGDALENA;170;CHIBOLO;64,39;2,60;86,25;1,70;72,25;1,66;
47;MAGDALENA;189;CIENAGA;40,74;4,88;63,59;-;43,81;3,92;
47;MAGDALENA;205;CONCORDIA;72,37;-;56,20;-;62,60;-;
47;MAGDALENA;245;EL BANCO;51,23;3,98;82,87;2,55;63,65;2,34;
47;MAGDALENA;258;EL PIÑON;67,28;-;58,63;-;61,63;-;
47;MAGDALENA;268;EL RETEN;55,07;2,95;71,14;4,82;59,22;2,52;
47;MAGDALENA;288;FUNDACION;39,15;4,97;81,23;-;44,14;3,89;
47;MAGDALENA;318;GUAMAL;40,47;4,60;73,75;3,62;63,88;3,06;
47;MAGDALENA;460;NUEVA GRANADA;90,18;-;78,38;-;83,00;-;
47;MAGDALENA;541;PEDRAZA;73,32;-;66,60;-;68,58;-;
47;MAGDALENA;545;PIJIÑO DEL CARMEN;77,96;-;87,50;-;83,16;-;
47;MAGDALENA;551;PIVIJAY;39,32;5,56;57,20;7,15;47,56;4,68;
47;MAGDALENA;555;PLATO;57,22;3,43;80,87;2,87;63,61;2,46;
47;MAGDALENA;570;PUEBLOVIEJO;68,32;2,84;52,35;3,23;57,76;2,24;
47;MAGDALENA;605;REMOLINO;61,95;3,39;61,16;8,14;61,71;3,45;
47;MAGDALENA;660;SABANAS DE SAN ANGEL;57,79;-;75,08;-;71,05;-;
47;MAGDALENA;675;SALAMINA;55,73;-;50,15;-;53,51;-;
47;MAGDALENA;692;SAN SEBASTIAN DE BUENAVISTA;51,84;-;72,16;-;66,35;-;
47;MAGDALENA;703;SAN ZENON;55,19;-;77,58;-;73,73;-;
47;MAGDALENA;707;SANTA ANA;58,16;3,72;74,80;3,23;66,49;2,44;
47;MAGDALENA;720;SANTA BARBARA DE PINTO;79,85;-;80,75;-;80,25;-;
47;MAGDALENA;745;SITIONUEVO;60,76;2,57;72,63;2,28;66,89;1,70;
47;MAGDALENA;798;TENERIFE;57,16;3,28;77,48;3,21;68,16;2,34;
47;MAGDALENA;960;ZAPAYAN;83,76;-;74,18;-;77,76;-;
47;MAGDALENA;980;ZONA BANANERA;49,74;6,05;43,79;4,97;44,22;4,59;
50;META;001;VILLAVICENCIO;16,10;7,68;32,23;9,49;17,07;6,89;
50;META;006;ACACIAS;21,59;7,26;28,42;6,97;22,68;5,97;
50;META;110;BARRANCA DE UPIA;38,21;-;45,05;-;40,21;-;
50;META;124;CABUYARO;42,29;-;45,21;-;44,00;-;
50;META;150;CASTILLA LA NUEVA;17,02;-;28,76;-;23,42;-;
50;META;223;CUBARRAL;24,39;-;41,47;-;31,17;-;
50;META;226;CUMARAL;21,20;6,78;27,43;9,08;23,30;5,45;
50;META;245;EL CALVARIO;28,16;-;16,34;-;20,19;-;
50;META;251;EL CASTILLO;35,17;-;44,25;-;41,35;-;
50;META;270;EL DORADO;31,31;-;39,24;-;35,98;-;
50;META;287;FUENTE DE ORO;36,75;-;41,65;-;39,09;-;
50;META;313;GRANADA;25,18;6,00;38,10;6,31;27,63;4,73;
50;META;318;GUAMAL;17,59;-;23,44;-;19,42;-;
50;META;325;MAPIRIPAN;;;100,00;;100,00;;Se asignó el máximo valor de NBI (100%) por no contar con información suficiente para su estimación
50;META;330;MESETAS;100,00;;100,00;;100,00;;Se asignó el máximo valor de NBI (100%) por no contar con información suficiente para su estimación
50;META;350;LA MACARENA;100,00;;100,00;;100,00;;Se asignó el máximo valor de NBI (100%) por no contar con información suficiente para su estimación
50;META;370;URIBE;44,93;-;52,75;-;50,47;-;
50;META;400;LEJANIAS;32,54;-;42,69;-;38,39;-;
50;META;450;PUERTO CONCORDIA;100,00;;100,00;;100,00;;Se asignó el máximo valor de NBI (100%) por no contar con información suficiente para su estimación
50;META;568;PUERTO GAITAN;40,05;-;83,37;-;65,47;-;
50;META;573;PUERTO LOPEZ;27,37;4,99;42,92;4,72;32,80;3,46;
50;META;577;PUERTO LLERAS;41,36;-;67,55;-;59,84;-;
50;META;590;PUERTO RICO;100,00;;100,00;;100,00;;Se asignó el máximo valor de NBI (100%) por no contar con información suficiente para su estimación
50;META;606;RESTREPO;14,29;-;23,98;-;17,54;-;
50;META;680;SAN CARLOS DE GUAROA;39,60;-;38,50;-;39,03;-;
50;META;683;SAN JUAN DE ARAMA;32,06;-;46,95;-;39,38;-;
50;META;686;SAN JUANITO;29,06;-;30,10;-;29,75;-;
50;META;689;SAN MARTIN;25,63;5,78;35,74;9,10;26,99;5,02;
50;META;711;VISTAHERMOSA;44,12;-;65,08;-;53,86;-;
52;NARIÑO;001;PASTO;11,07;10,60;38,48;4,93;16,20;6,28;
52;NARIÑO;019;ALBAN;23,21;-;56,70;-;45,53;-;
52;NARIÑO;022;ALDANA;40,00;-;35,67;-;36,81;-;
52;NARIÑO;036;ANCUYA;28,44;-;50,96;-;46,14;-;
52;NARIÑO;051;ARBOLEDA;55,39;-;85,99;-;81,83;-;
52;NARIÑO;079;BARBACOAS;57,64;-;84,44;-;73,87;-;
52;NARIÑO;083;BELEN;18,65;-;38,51;-;28,34;-;
52;NARIÑO;110;BUESACO;33,27;-;66,08;-;58,64;-;
52;NARIÑO;203;COLON;31,07;-;61,49;-;57,41;-;
52;NARIÑO;207;CONSACA;36,11;-;61,97;-;57,64;-;
52;NARIÑO;210;CONTADERO;57,00;-;68,94;-;65,45;-;
52;NARIÑO;215;CORDOBA;34,79;-;78,81;-;71,94;-;
52;NARIÑO;224;CUASPUD;40,50;-;61,96;-;56,59;-;
52;NARIÑO;227;CUMBAL;16,69;-;42,25;-;40,34;-;
52;NARIÑO;233;CUMBITARA;100,00;;100,00;;100,00;;Se asignó el máximo valor de NBI (100%) por no contar con información suficiente para su estimación
52;NARIÑO;240;CHACHAGsI;40,18;-;55,09;-;47,20;-;
52;NARIÑO;250;EL CHARCO;86,84;-;78,89;-;81,00;-;
52;NARIÑO;254;EL PEÑOL;37,28;-;57,02;-;54,37;-;
52;NARIÑO;256;EL ROSARIO;86,77;-;78,32;-;81,02;-;
52;NARIÑO;258;EL TABLON DE GOMEZ;24,97;-;52,03;-;50,22;-;
52;NARIÑO;260;EL TAMBO;24,65;-;57,53;-;45,34;-;
52;NARIÑO;287;FUNES;48,94;-;73,34;-;64,73;-;
52;NARIÑO;317;GUACHUCAL;21,30;-;44,36;-;39,89;-;
52;NARIÑO;320;GUAITARILLA;24,37;-;64,94;-;54,29;-;
52;NARIÑO;323;GUALMATAN;32,96;-;56,30;-;47,44;-;
52;NARIÑO;352;ILES;37,63;-;66,55;-;60,19;-;
52;NARIÑO;354;IMUES;35,52;-;57,50;-;55,43;-;
52;NARIÑO;356;IPIALES;17,67;7,56;57,67;2,05;30,66;3,20;
52;NARIÑO;378;LA CRUZ;40,98;3,74;88,56;1,64;71,67;1,51;
52;NARIÑO;381;LA FLORIDA;20,91;-;51,33;-;46,21;-;
52;NARIÑO;385;LA LLANADA;26,72;-;48,45;-;37,12;-;
52;NARIÑO;390;LA TOLA;99,14;-;74,99;-;91,46;-;
52;NARIÑO;399;LA UNION;28,31;7,08;43,72;6,20;38,04;4,90;
52;NARIÑO;405;LEIVA;52,60;-;68,78;-;64,26;-;
52;NARIÑO;411;LINARES;31,03;-;59,46;-;53,94;-;
52;NARIÑO;418;LOS ANDES;48,33;-;80,07;-;68,49;-;
52;NARIÑO;427;MAGsI;57,13;-;90,45;-;82,52;-;
52;NARIÑO;435;MALLAMA;51,25;-;44,93;-;46,06;-;
52;NARIÑO;473;MOSQUERA;97,81;-;77,90;-;84,32;-;
52;NARIÑO;480;NARIÑO;38,32;-;46,33;-;40,21;-;
52;NARIÑO;490;OLAYA HERRERA;35,27;0,96;69,71;-;65,56;0,06;
52;NARIÑO;506;OSPINA;31,86;-;68,53;-;59,19;-;
52;NARIÑO;520;FRANCISCO PIZARRO;76,76;-;66,47;-;71,31;-;
52;NARIÑO;540;POLICARPA;34,42;-;50,01;-;46,56;-;
52;NARIÑO;560;POTOSI;22,99;-;46,17;-;42,60;-;
52;NARIÑO;565;PROVIDENCIA;33,21;-;81,79;-;64,53;-;
52;NARIÑO;573;PUERRES;28,62;-;54,30;-;46,15;-;
52;NARIÑO;585;PUPIALES;26,09;-;46,87;-;40,94;-;
52;NARIÑO;612;RICAURTE;28,39;-;72,07;-;65,91;-;
52;NARIÑO;621;ROBERTO PAYAN;49,59;-;74,13;-;72,92;-;
52;NARIÑO;678;SAMANIEGO;36,25;4,67;70,05;-;58,03;1,04;
52;NARIÑO;683;SANDONA;27,40;5,16;53,45;5,35;42,32;4,12;
52;NARIÑO;685;SAN BERNARDO;24,46;-;66,40;-;57,35;-;
52;NARIÑO;687;SAN LORENZO;32,63;-;60,64;-;57,31;-;
52;NARIÑO;693;SAN PABLO;20,84;-;37,73;-;33,34;-;
52;NARIÑO;694;SAN PEDRO DE CARTAGO;14,86;-;60,60;-;57,00;-;
52;NARIÑO;696;SANTA BARBARA;100,00;;100,00;;100,00;;Se asignó el máximo valor de NBI (100%) por no contar con información suficiente para su estimación
52;NARIÑO;699;SANTACRUZ;29,53;-;81,03;-;67,98;-;
52;NARIÑO;720;SAPUYES;38,10;-;35,69;-;36,22;-;
52;NARIÑO;786;TAMINANGO;35,55;-;60,23;-;55,11;-;
52;NARIÑO;788;TANGUA;31,49;-;60,01;-;54,38;-;
52;NARIÑO;835;SAN ANDRES DE TUMACO;48,74;3,96;48,66;-;48,70;2,10;
52;NARIÑO;838;TUQUERRES;22,56;8,24;53,76;4,42;41,32;3,90;
52;NARIÑO;885;YACUANQUER;39,87;-;70,91;-;63,39;-;
54;N. DE SANTANDER;001;CUCUTA;22,40;2,69;48,00;6,49;23,24;2,55;
54;N. DE SANTANDER;003;ABREGO;36,19;3,28;58,74;4,71;48,44;3,30;
54;N. DE SANTANDER;051;ARBOLEDAS;27,97;-;60,69;-;52,01;-;
54;N. DE SANTANDER;099;BOCHALEMA;13,53;-;37,95;4,52;29,31;3,78;
54;N. DE SANTANDER;109;BUCARASICA;46,21;-;66,80;-;64,33;-;
54;N. DE SANTANDER;125;CACOTA;26,23;-;63,10;-;52,80;-;
54;N. DE SANTANDER;128;CACHIRA;14,78;-;54,95;-;49,20;-;
54;N. DE SANTANDER;172;CHINACOTA;18,16;6,99;31,70;7,51;22,92;5,12;
54;N. DE SANTANDER;174;CHITAGA;24,47;-;67,73;-;52,59;-;
54;N. DE SANTANDER;206;CONVENCION;21,81;6,24;62,40;5,94;45,10;4,89;
54;N. DE SANTANDER;223;CUCUTILLA;22,93;-;65,05;-;58,61;-;
54;N. DE SANTANDER;239;DURANIA;24,61;-;42,19;-;34,11;-;
54;N. DE SANTANDER;245;EL CARMEN;31,06;-;74,70;-;66,53;-;
54;N. DE SANTANDER;250;EL TARRA;50,32;-;87,10;-;73,11;-;
54;N. DE SANTANDER;261;EL ZULIA;35,60;4,21;52,27;6,90;42,93;4,18;
54;N. DE SANTANDER;313;GRAMALOTE;20,06;-;44,32;-;32,90;-;
54;N. DE SANTANDER;344;HACARI;37,73;-;85,00;-;79,18;-;
54;N. DE SANTANDER;347;HERRAN;22,57;-;43,23;4,76;38,11;4,06;
54;N. DE SANTANDER;377;LABATECA;12,17;-;51,68;-;42,94;-;
54;N. DE SANTANDER;385;LA ESPERANZA;34,58;-;64,25;-;60,74;-;
54;N. DE SANTANDER;398;LA PLAYA;13,89;-;55,56;-;50,83;-;
54;N. DE SANTANDER;405;LOS PATIOS;18,12;7,59;37,72;4,78;18,73;7,12;
54;N. DE SANTANDER;418;LOURDES;17,82;-;44,69;-;35,19;-;
54;N. DE SANTANDER;480;MUTISCUA;12,89;-;41,79;-;37,41;-;
54;N. DE SANTANDER;498;OCAÑA;21,59;6,42;57,54;-;26,16;4,62;
54;N. DE SANTANDER;518;PAMPLONA;11,09;11,50;57,77;6,12;15,05;8,01;
54;N. DE SANTANDER;520;PAMPLONITA;20,57;-;49,79;3,43;44,80;3,16;
54;N. DE SANTANDER;553;PUERTO SANTANDER;43,13;3,92;65,12;-;43,36;3,85;
54;N. DE SANTANDER;599;RAGONVALIA;27,18;4,99;55,87;5,12;44,18;4,03;
54;N. DE SANTANDER;660;SALAZAR;36,09;-;48,30;-;43,59;-;
54;N. DE SANTANDER;670;SAN CALIXTO;44,55;-;80,28;-;73,89;-;
54;N. DE SANTANDER;673;SAN CAYETANO;30,23;-;42,67;3,54;38,28;2,55;
54;N. DE SANTANDER;680;SANTIAGO;21,29;-;46,78;-;35,56;-;
54;N. DE SANTANDER;720;SARDINATA;28,97;-;70,67;-;53,30;-;
54;N. DE SANTANDER;743;SILOS;20,71;-;45,68;-;41,33;-;
54;N. DE SANTANDER;800;TEORAMA;34,74;-;60,10;-;56,53;-;
54;N. DE SANTANDER;810;TIBU;40,31;3,95;67,22;3,36;56,76;2,66;
54;N. DE SANTANDER;820;TOLEDO;16,95;-;51,01;-;41,68;-;
54;N. DE SANTANDER;871;VILLA CARO;33,80;-;68,23;-;56,06;-;
54;N. DE SANTANDER;874;VILLA DEL ROSARIO;21,83;6,76;44,90;4,54;22,85;6,19;
63;QUINDIO;001;ARMENIA;13,04;4,51;19,46;12,01;13,21;4,36;
63;QUINDIO;111;BUENAVISTA;10,83;-;30,30;7,52;22,45;6,05;
63;QUINDIO;130;CALARCA;14,02;8,78;15,88;14,25;14,46;7,48;
63;QUINDIO;190;CIRCASIA;16,19;8,16;20,06;11,61;17,23;6,68;
63;QUINDIO;212;CORDOBA;18,01;7,16;33,18;7,57;24,82;5,37;
63;QUINDIO;272;FILANDIA;16,94;6,74;20,69;10,75;18,81;6,64;
63;QUINDIO;302;GENOVA;22,33;6,30;28,74;7,21;25,42;4,87;
63;QUINDIO;401;LA TEBAIDA;22,56;5,71;20,37;8,27;22,38;5,31;
63;QUINDIO;470;MONTENEGRO;22,84;5,94;22,91;11,97;22,86;5,33;
63;QUINDIO;548;PIJAO;18,16;8,93;31,44;9,65;23,86;6,70;
63;QUINDIO;594;QUIMBAYA;20,11;7,01;30,43;8,01;22,10;5,57;
63;QUINDIO;690;SALENTO;17,00;6,21;24,69;9,69;20,86;6,29;
66;RISARALDA;001;PEREIRA;10,73;2,50;26,60;5,32;13,37;2,43;
66;RISARALDA;045;APIA;15,59;8,45;30,21;6,36;24,34;5,20;
66;RISARALDA;075;BALBOA;23,22;-;29,90;-;28,01;-;
66;RISARALDA;088;BELEN DE UMBRIA;18,43;7,11;28,93;8,42;24,07;5,99;
66;RISARALDA;170;DOSQUEBRADAS;12,60;12,22;25,11;9,33;13,28;11,00;
66;RISARALDA;318;GUATICA;16,83;-;28,50;-;25,69;-;
66;RISARALDA;383;LA CELIA;16,98;-;28,96;-;24,27;-;
66;RISARALDA;400;LA VIRGINIA;23,48;4,94;35,34;-;23,70;4,80;
66;RISARALDA;440;MARSELLA;24,02;5,43;33,05;7,14;28,20;4,60;
66;RISARALDA;456;MISTRATO;21,89;-;55,29;-;45,01;-;
66;RISARALDA;572;PUEBLO RICO;24,88;-;61,77;-;52,91;-;
66;RISARALDA;594;QUINCHIA;18,49;6,91;38,11;6,15;33,47;5,42;
66;RISARALDA;682;SANTA ROSA DE CABAL;16,78;9,23;29,55;9,10;19,25;7,03;
66;RISARALDA;687;SANTUARIO;16,20;-;29,54;-;23,59;-;
68;SANTANDER;001;BUCARAMANGA;11,20;3,93;35,55;5,26;11,55;3,76;
68;SANTANDER;013;AGUADA;15,49;-;44,65;-;41,02;-;
68;SANTANDER;020;ALBANIA;19,57;-;43,66;-;41,31;-;
68;SANTANDER;051;ARATOCA;22,47;-;58,76;3,03;49,20;2,66;
68;SANTANDER;077;BARBOSA;15,95;8,83;28,72;8,38;18,80;6,48;
68;SANTANDER;079;BARICHARA;10,47;-;42,49;-;30,99;-;
68;SANTANDER;081;BARRANCABERMEJA;20,53;7,42;39,03;3,76;22,33;6,19;
68;SANTANDER;092;BETULIA;20,16;-;49,48;3,07;43,21;2,76;
68;SANTANDER;101;BOLIVAR;20,75;-;60,53;-;56,21;-;
68;SANTANDER;121;CABRERA;41,94;-;39,53;-;40,13;-;
68;SANTANDER;132;CALIFORNIA;21,05;-;31,85;-;26,64;-;
68;SANTANDER;147;CAPITANEJO;18,61;-;77,99;-;46,27;-;
68;SANTANDER;152;CARCASI;28,57;-;71,84;-;66,71;-;
68;SANTANDER;160;CEPITA;8,76;-;59,46;-;47,90;-;
68;SANTANDER;162;CERRITO;24,77;-;60,06;-;46,15;-;
68;SANTANDER;167;CHARALA;14,91;-;34,39;-;24,08;-;
68;SANTANDER;169;CHARTA;6,90;-;38,13;-;32,35;-;
68;SANTANDER;176;CHIMA;28,01;-;49,23;-;43,94;-;
68;SANTANDER;179;CHIPATA;27,47;-;43,18;-;41,45;-;
68;SANTANDER;190;CIMITARRA;32,69;4,78;54,64;4,16;45,74;3,26;
68;SANTANDER;207;CONCEPCION;20,69;-;53,08;-;39,21;-;
68;SANTANDER;209;CONFINES;24,51;-;30,99;-;30,13;-;
68;SANTANDER;211;CONTRATACION;23,95;-;45,96;-;29,87;-;
68;SANTANDER;217;COROMORO;15,30;-;46,28;-;43,00;-;
68;SANTANDER;229;CURITI;18,58;-;49,08;-;40,21;-;
68;SANTANDER;235;EL CARMEN DE CHUCURI;31,74;-;58,27;-;51,08;-;
68;SANTANDER;245;EL GUACAMAYO;18,64;-;40,10;-;36,16;-;
68;SANTANDER;250;EL PEÑON;33,16;-;72,99;-;67,34;-;
68;SANTANDER;255;EL PLAYON;28,41;-;57,28;-;44,92;-;
68;SANTANDER;264;ENCINO;20,73;-;38,00;-;35,35;-;
68;SANTANDER;266;ENCISO;14,21;-;45,69;-;40,87;-;
68;SANTANDER;271;FLORIAN;34,23;-;59,08;-;53,85;-;
68;SANTANDER;276;FLORIDABLANCA;8,87;12,41;22,35;6,99;9,43;11,22;
68;SANTANDER;296;GALAN;23,37;-;49,51;-;42,85;-;
68;SANTANDER;298;GAMBITA;18,23;-;57,97;-;53,66;-;
68;SANTANDER;307;GIRON;12,57;9,34;35,47;6,44;15,37;6,95;
68;SANTANDER;318;GUACA;26,91;-;51,51;3,87;44,71;3,22;
68;SANTANDER;320;GUADALUPE;16,35;-;38,65;-;32,08;-;
68;SANTANDER;322;GUAPOTA;17,63;-;22,79;-;21,67;-;
68;SANTANDER;324;GUAVATA;16,46;-;40,42;-;36,27;-;
68;SANTANDER;327;GsEPSA;21,01;-;49,63;4,38;36,98;3,28;
68;SANTANDER;344;HATO;40,41;-;47,18;-;45,09;-;
68;SANTANDER;368;JESUS MARIA;21,96;-;50,40;-;43,72;-;
68;SANTANDER;370;JORDAN;38,60;-;61,99;-;60,81;-;
68;SANTANDER;377;LA BELLEZA;18,25;-;39,09;-;34,02;-;
68;SANTANDER;385;LANDAZURI;37,35;-;52,41;-;48,87;-;
68;SANTANDER;397;LA PAZ;8,72;-;43,99;-;39,08;-;
68;SANTANDER;406;LEBRIJA;16,66;10,22;33,74;6,57;25,99;5,53;
68;SANTANDER;418;LOS SANTOS;24,63;-;42,62;3,77;40,44;3,49;
68;SANTANDER;425;MACARAVITA;31,84;-;73,54;-;69,27;-;
68;SANTANDER;432;MALAGA;14,65;9,24;49,70;5,72;21,24;5,75;
68;SANTANDER;444;MATANZA;14,09;-;34,24;-;30,39;-;
68;SANTANDER;464;MOGOTES;20,46;-;63,20;-;49,42;-;
68;SANTANDER;468;MOLAGAVITA;9,60;-;54,31;-;49,00;-;
68;SANTANDER;498;OCAMONTE;7,74;-;27,33;-;24,79;-;
68;SANTANDER;500;OIBA;27,14;4,60;48,55;2,27;39,60;2,08;
68;SANTANDER;502;ONZAGA;13,17;-;64,16;-;53,78;-;
68;SANTANDER;522;PALMAR;31,48;-;54,15;-;46,39;-;
68;SANTANDER;524;PALMAS DEL SOCORRO;26,47;-;30,07;-;29,15;-;
68;SANTANDER;533;PARAMO;17,89;-;29,12;-;25,64;-;
68;SANTANDER;547;PIEDECUESTA;8,38;11,15;36,95;4,74;14,36;5,74;
68;SANTANDER;549;PINCHOTE;6,42;22,74;28,26;6,21;22,62;5,99;
68;SANTANDER;572;PUENTE NACIONAL;16,38;6,04;46,01;5,42;35,07;4,60;
68;SANTANDER;573;PUERTO PARRA;53,46;-;48,89;3,10;50,91;1,67;
68;SANTANDER;575;PUERTO WILCHES;44,80;3,79;53,17;4,09;48,98;2,82;
68;SANTANDER;615;RIONEGRO;24,04;6,06;43,73;8,46;39,31;7,34;
68;SANTANDER;655;SABANA DE TORRES;24,36;6,33;46,22;5,34;33,22;4,09;
68;SANTANDER;669;SAN ANDRES;14,35;-;43,75;-;35,50;-;
68;SANTANDER;673;SAN BENITO;25,49;-;36,47;-;35,30;-;
68;SANTANDER;679;SAN GIL;7,94;10,87;29,74;8,65;11,14;7,43;
68;SANTANDER;682;SAN JOAQUIN;11,48;-;51,55;-;41,48;-;
68;SANTANDER;684;SAN JOSE DE MIRANDA;19,63;-;65,79;-;56,80;-;
68;SANTANDER;686;SAN MIGUEL;18,09;-;69,92;-;61,96;-;
68;SANTANDER;689;SAN VICENTE DE CHUCURI;15,66;6,16;40,12;7,38;29,15;5,80;
68;SANTANDER;705;SANTA BARBARA;19,35;-;41,92;-;39,05;-;
68;SANTANDER;720;SANTA HELENA DEL OPON;18,76;-;62,66;-;56,91;-;
68;SANTANDER;745;SIMACOTA;25,21;-;55,81;2,26;48,18;1,96;
68;SANTANDER;755;SOCORRO;9,46;8,96;34,75;6,65;15,07;5,54;
68;SANTANDER;770;SUAITA;22,48;-;38,06;-;35,09;-;
68;SANTANDER;773;SUCRE;11,72;-;44,38;-;42,98;-;
68;SANTANDER;780;SURATA;20,80;-;49,28;-;44,08;-;
68;SANTANDER;820;TONA;16,90;-;24,69;-;24,10;-;
68;SANTANDER;855;VALLE DE SAN JOSE;11,38;-;38,86;-;29,35;-;
68;SANTANDER;861;VELEZ;19,51;6,87;47,48;5,41;34,05;4,35;
68;SANTANDER;867;VETAS;13,79;-;24,26;-;20,80;-;
68;SANTANDER;872;VILLANUEVA;19,57;-;49,83;-;34,40;-;
68;SANTANDER;895;ZAPATOCA;12,44;9,21;26,94;10,30;18,11;7,12;
70;SUCRE;001;SINCELEJO;40,41;2,83;61,18;2,59;42,02;2,53;
70;SUCRE;110;BUENAVISTA;54,55;-;68,46;-;57,15;-;
70;SUCRE;124;CAIMITO;53,86;-;73,18;-;68,06;-;
70;SUCRE;204;COLOSO;80,60;-;82,39;-;81,51;-;
70;SUCRE;215;COROZAL;41,63;4,60;56,01;3,98;44,84;3,50;
70;SUCRE;221;COVEÑAS;71,12;-;50,50;-;56,20;-;
70;SUCRE;230;CHALAN;65,79;-;80,66;-;71,03;-;
70;SUCRE;233;EL ROBLE;75,17;-;68,87;-;71,58;-;
70;SUCRE;235;GALERAS;45,06;4,00;65,37;4,08;53,11;2,86;
70;SUCRE;265;GUARANDA;64,84;-;84,25;-;76,94;-;
70;SUCRE;400;LA UNION;54,49;-;68,40;-;61,45;-;
70;SUCRE;418;LOS PALMITOS;49,81;4,07;59,06;4,76;54,68;3,23;
70;SUCRE;429;MAJAGUAL;54,54;3,18;82,35;2,33;73,96;1,95;
70;SUCRE;473;MORROA;58,62;-;63,67;-;61,48;-;
70;SUCRE;508;OVEJAS;50,83;3,44;60,94;5,51;55,50;3,27;
70;SUCRE;523;PALMITO;55,19;-;84,92;-;73,37;-;
70;SUCRE;670;SAMPUES;58,99;2,92;82,88;2,89;70,75;2,07;
70;SUCRE;678;SAN BENITO ABAD;52,84;5,88;71,59;1,70;67,06;1,78;
70;SUCRE;702;SAN JUAN DE BETULIA;46,65;4,02;64,58;3,80;55,51;2,77;
70;SUCRE;708;SAN MARCOS;53,64;3,76;64,30;3,15;58,12;2,49;
70;SUCRE;713;SAN ONOFRE;62,13;3,23;66,88;2,66;65,10;2,06;
70;SUCRE;717;SAN PEDRO;50,08;2,99;71,90;2,82;57,27;2,11;
70;SUCRE;742;SAN LUIS DE SINCE;49,32;4,05;55,92;3,99;51,18;3,06;
70;SUCRE;771;SUCRE;54,40;5,34;89,05;0,80;80,30;1,13;
70;SUCRE;820;SANTIAGO DE TOLU;43,03;3,91;64,77;4,23;47,46;3,06;
70;SUCRE;823;TOLU VIEJO;44,29;4,63;60,37;4,26;55,85;3,47;
73;TOLIMA;001;IBAGUE;14,88;5,73;37,60;7,74;16,23;5,05;
73;TOLIMA;024;ALPUJARRA;28,80;-;44,92;-;39,31;-;
73;TOLIMA;026;ALVARADO;33,08;-;52,85;2,50;45,82;1,86;
73;TOLIMA;030;AMBALEMA;35,34;4,31;31,40;6,64;34,39;3,66;
73;TOLIMA;043;ANZOATEGUI;100,00;;100,00;;100,00;;Se asignó el máximo valor de NBI (100%) por no contar con información suficiente para su estimación
73;TOLIMA;055;ARMERO;29,82;3,45;38,61;6,15;32,63;3,17;
73;TOLIMA;067;ATACO;43,96;-;75,66;-;66,43;-;
73;TOLIMA;124;CAJAMARCA;20,29;6,10;35,57;7,69;28,34;5,49;
73;TOLIMA;148;CARMEN DE APICALA;24,99;4,72;39,73;5,44;28,69;3,62;
73;TOLIMA;152;CASABIANCA;18,65;-;36,18;-;32,55;-;
73;TOLIMA;168;CHAPARRAL;26,58;5,58;72,64;2,70;47,65;2,53;
73;TOLIMA;200;COELLO;37,61;-;47,45;2,34;45,77;2,01;
73;TOLIMA;217;COYAIMA;36,35;-;78,09;-;71,74;-;
73;TOLIMA;226;CUNDAY;25,58;-;46,02;-;40,54;-;
73;TOLIMA;236;DOLORES;34,18;-;59,92;-;45,32;-;
73;TOLIMA;268;ESPINAL;22,15;7,76;43,49;6,41;27,93;5,24;
73;TOLIMA;270;FALAN;24,03;-;38,93;-;35,85;-;
73;TOLIMA;275;FLANDES;19,00;6,55;34,85;5,26;21,40;5,10;
73;TOLIMA;283;FRESNO;19,20;6,90;35,92;6,74;28,20;5,10;
73;TOLIMA;319;GUAMO;28,01;4,65;39,19;4,75;33,94;3,42;
73;TOLIMA;347;HERVEO;11,22;-;27,42;-;23,43;-;
73;TOLIMA;349;HONDA;18,08;5,35;39,57;-;18,83;4,95;
73;TOLIMA;352;ICONONZO;20,40;4,92;41,62;4,22;34,75;3,54;
73;TOLIMA;408;LERIDA;25,89;6,14;32,24;8,41;27,35;5,02;
73;TOLIMA;411;LIBANO;20,87;6,45;44,28;5,15;29,83;4,04;
73;TOLIMA;443;MARIQUITA;16,98;7,14;39,89;5,48;23,50;4,54;
73;TOLIMA;449;MELGAR;14,18;9,63;27,22;5,94;16,58;6,96;
73;TOLIMA;461;MURILLO;33,59;-;42,38;-;39,61;-;
73;TOLIMA;483;NATAGAIMA;41,33;2,62;58,38;-;47,04;1,53;
73;TOLIMA;504;ORTEGA;43,65;-;70,70;-;64,04;-;
73;TOLIMA;520;PALOCABILDO;30,65;-;40,86;-;38,00;-;
73;TOLIMA;547;PIEDRAS;26,21;-;36,62;3,38;33,51;2,59;
73;TOLIMA;555;PLANADAS;36,81;5,10;69,26;4,46;60,17;3,79;
73;TOLIMA;563;PRADO;18,99;4,91;54,49;3,60;40,33;3,06;
73;TOLIMA;585;PURIFICACION;25,77;4,03;43,35;4,83;33,44;3,25;
73;TOLIMA;616;RIOBLANCO;33,42;-;72,55;-;65,95;-;
73;TOLIMA;622;RONCESVALLES;26,87;-;38,84;-;35,51;-;
73;TOLIMA;624;ROVIRA;31,85;-;57,59;-;45,96;-;
73;TOLIMA;671;SALDAÑA;28,18;5,59;36,00;7,09;31,65;4,53;
73;TOLIMA;675;SAN ANTONIO;33,81;-;58,51;-;51,33;-;
73;TOLIMA;678;SAN LUIS;36,91;-;52,07;-;47,95;-;
73;TOLIMA;686;SANTA ISABEL;27,99;-;29,67;-;29,09;-;
73;TOLIMA;770;SUAREZ;38,13;-;62,49;1,68;51,95;1,14;
73;TOLIMA;854;VALLE DE SAN JUAN;37,31;-;56,55;-;48,74;-;
73;TOLIMA;861;VENADILLO;31,78;4,11;42,63;3,81;34,92;2,98;
73;TOLIMA;870;VILLAHERMOSA;17,62;-;33,11;-;28,36;-;
73;TOLIMA;873;VILLARRICA;25,27;-;41,61;-;35,46;-;
76;VALLE DEL CAUCA;001;CALI;10,87;2,98;18,92;8,46;11,01;2,91;
76;VALLE DEL CAUCA;020;ALCALA;22,57;5,67;33,07;10,45;25,56;5,26;
76;VALLE DEL CAUCA;036;ANDALUCIA;16,80;8,62;24,31;16,60;18,44;7,78;
76;VALLE DEL CAUCA;041;ANSERMANUEVO;31,45;4,61;30,31;10,54;30,97;5,11;
76;VALLE DEL CAUCA;054;ARGELIA;28,84;-;30,39;-;29,60;-;
76;VALLE DEL CAUCA;100;BOLIVAR;13,21;-;35,87;-;30,37;-;
76;VALLE DEL CAUCA;109;BUENAVENTURA;34,52;3,22;47,32;-;35,85;2,78;
76;VALLE DEL CAUCA;111;GUADALAJARA DE BUGA;9,47;11,74;25,56;9,30;11,56;8,78;
76;VALLE DEL CAUCA;113;BUGALAGRANDE;14,51;8,67;29,18;7,84;21,31;5,90;
76;VALLE DEL CAUCA;122;CAICEDONIA;14,84;9,81;19,97;20,80;15,94;9,09;
76;VALLE DEL CAUCA;126;CALIMA;15,44;8,79;24,41;9,58;19,12;6,54;
76;VALLE DEL CAUCA;130;CANDELARIA;17,89;7,95;13,20;14,12;14,51;9,67;
76;VALLE DEL CAUCA;147;CARTAGO;15,45;8,38;26,42;6,94;15,69;8,08;
76;VALLE DEL CAUCA;233;DAGUA;18,19;7,96;27,05;7,40;24,98;6,29;
76;VALLE DEL CAUCA;243;EL AGUILA;18,04;-;30,51;-;27,27;-;
76;VALLE DEL CAUCA;246;EL CAIRO;18,37;-;34,29;-;29,44;-;
76;VALLE DEL CAUCA;248;EL CERRITO;19,44;8,13;17,50;11,53;18,69;6,66;
76;VALLE DEL CAUCA;250;EL DOVIO;20,56;-;28,36;-;23,91;-;
76;VALLE DEL CAUCA;275;FLORIDA;18,48;7,97;30,27;5,84;21,63;5,45;
76;VALLE DEL CAUCA;306;GINEBRA;11,41;7,91;22,96;9,05;18,10;6,97;
76;VALLE DEL CAUCA;318;GUACARI;19,31;7,79;24,44;9,04;21,42;5,92;
76;VALLE DEL CAUCA;364;JAMUNDI;8,49;12,96;32,02;5,46;15,63;5,96;
76;VALLE DEL CAUCA;377;LA CUMBRE;14,12;-;24,90;-;22,69;-;
76;VALLE DEL CAUCA;400;LA UNION;16,21;7,03;25,59;8,14;18,41;5,43;
76;VALLE DEL CAUCA;403;LA VICTORIA;14,71;9,18;27,08;7,54;18,74;6,02;
76;VALLE DEL CAUCA;497;OBANDO;31,39;3,93;29,09;9,34;30,67;3,92;
76;VALLE DEL CAUCA;520;PALMIRA;10,04;11,09;23,64;7,97;12,75;7,59;
76;VALLE DEL CAUCA;563;PRADERA;22,80;6,72;30,24;7,27;23,80;5,71;
76;VALLE DEL CAUCA;606;RESTREPO;15,36;8,42;28,00;7,44;20,84;5,58;
76;VALLE DEL CAUCA;616;RIOFRIO;19,36;8,70;30,04;8,34;26,41;6,62;
76;VALLE DEL CAUCA;622;ROLDANILLO;15,25;8,24;25,81;12,07;18,42;6,97;
76;VALLE DEL CAUCA;670;SAN PEDRO;12,31;7,09;19,11;9,77;16,52;7,29;
76;VALLE DEL CAUCA;736;SEVILLA;16,08;8,58;24,38;16,85;18,23;8,10;
76;VALLE DEL CAUCA;823;TORO;25,69;6,84;35,99;5,37;29,90;4,36;
76;VALLE DEL CAUCA;828;TRUJILLO;18,60;-;25,65;-;22,79;-;
76;VALLE DEL CAUCA;834;TULUA;13,40;9,45;29,97;7,94;15,75;7,23;
76;VALLE DEL CAUCA;845;ULLOA;16,18;-;28,50;4,52;23,40;3,23;
76;VALLE DEL CAUCA;863;VERSALLES;11,08;-;26,23;-;18,95;-;
76;VALLE DEL CAUCA;869;VIJES;14,74;-;30,87;-;21,15;-;
76;VALLE DEL CAUCA;890;YOTOCO;16,46;7,47;36,10;5,99;26,59;4,76;
76;VALLE DEL CAUCA;892;YUMBO;18,01;8,77;17,46;8,88;17,95;7,80;
76;VALLE DEL CAUCA;895;ZARZAL;15,06;10,04;22,70;9,35;17,34;7,13;
81;ARAUCA;001;ARAUCA;31,42;6,41;63,76;-;33,73;5,54;
81;ARAUCA;065;ARAUQUITA;42,12;3,24;100,00;;41,48;3,24;
81;ARAUCA;220;CRAVO NORTE;51,62;-;62,54;-;53,91;-;
81;ARAUCA;300;FORTUL;100,00;;100,00;;100,00;;Se asignó el máximo valor de NBI (100%) por no contar con información suficiente para su estimación
81;ARAUCA;591;PUERTO RONDON;36,10;-;;;36,10;-;
81;ARAUCA;736;SARAVENA;28,33;9,38;59,22;1,63;34,15;6,34;
81;ARAUCA;794;TAME;100,00;;100,00;;100,00;;Se asignó el máximo valor de NBI (100%) por no contar con información suficiente para su estimación
85;CASANARE;001;YOPAL;20,51;7,27;47,75;6,58;24,47;5,53;
85;CASANARE;010;AGUAZUL;22,15;6,41;38,91;7,26;26,69;4,82;
85;CASANARE;015;CHAMEZA;32,11;-;73,14;-;46,35;-;
85;CASANARE;125;HATO COROZAL;40,43;-;66,65;-;57,31;-;
85;CASANARE;136;LA SALINA;21,29;-;67,67;-;51,15;-;
85;CASANARE;139;MANI;30,21;-;44,87;-;35,24;-;
85;CASANARE;162;MONTERREY;26,33;-;33,55;-;27,24;-;
85;CASANARE;225;NUNCHIA;39,95;-;70,62;-;64,02;-;
85;CASANARE;230;OROCUE;50,67;-;77,50;-;62,83;-;
85;CASANARE;250;PAZ DE ARIPORO;32,71;5,60;61,93;6,59;43,56;4,37;
85;CASANARE;263;PORE;40,27;-;68,97;-;55,49;-;
85;CASANARE;279;RECETOR;38,74;-;50,10;-;46,29;-;
85;CASANARE;300;SABANALARGA;14,34;-;37,37;-;26,64;-;
85;CASANARE;315;SACAMA;20,13;-;64,38;-;37,70;-;
85;CASANARE;325;SAN LUIS DE PALENQUE;31,87;-;60,27;3,40;53,45;2,92;
85;CASANARE;400;TAMARA;42,01;-;84,03;-;72,42;-;
85;CASANARE;410;TAURAMENA;30,16;-;41,64;-;33,73;-;
85;CASANARE;430;TRINIDAD;48,81;-;62,04;-;54,92;-;
85;CASANARE;440;VILLANUEVA;27,30;5,91;56,83;4,96;31,92;4,48;
86;PUTUMAYO;001;MOCOA;24,83;3,36;36,05;-;27,91;2,17;
86;PUTUMAYO;219;COLON;15,16;-;25,65;-;19,65;-;
86;PUTUMAYO;320;ORITO;41,64;3,86;58,43;-;51,11;1,37;
86;PUTUMAYO;568;PUERTO ASIS;20,94;7,63;45,59;-;30,70;3,15;
86;PUTUMAYO;569;PUERTO CAICEDO;25,45;-;47,61;-;41,38;-;
86;PUTUMAYO;571;PUERTO GUZMAN;100,00;;100,00;;100,00;;Se asignó el máximo valor de NBI (100%) por no contar con información suficiente para su estimación
86;PUTUMAYO;573;LEGUIZAMO;33,28;-;49,43;-;37,82;-;
86;PUTUMAYO;749;SIBUNDOY;17,82;-;27,00;-;20,66;-;
86;PUTUMAYO;755;SAN FRANCISCO;17,91;-;33,93;-;24,82;-;
86;PUTUMAYO;757;SAN MIGUEL;26,68;-;44,55;-;40,62;-;
86;PUTUMAYO;760;SANTIAGO;20,52;-;50,79;-;39,98;-;
86;PUTUMAYO;865;VALLE DEL GUAMUEZ;29,35;-;45,25;-;39,16;-;
86;PUTUMAYO;885;VILLAGARZON;25,55;-;46,47;-;35,68;-;
88;SAN ANDRES;001;SAN ANDRES;52,05;3,96;15,02;13,97;42,45;3,81;
88;SAN ANDRES;564;PROVIDENCIA;23,00;4,66;17,26;9,72;19,70;5,42;
91;AMAZONAS;001;LETICIA;30,86;6,50;54,09;-;37,65;3,77;
91;AMAZONAS;263;EL ENCANTO (CD);;;100,00;;100,00;;Se asignó el máximo valor de NBI (100%) por no contar con información suficiente para su estimación
91;AMAZONAS;405;LA CHORRERA (CD);;;52,89;-;52,89;-;
91;AMAZONAS;407;LA PEDRERA (CD);;;58,80;-;58,80;-;
91;AMAZONAS;430;LA VICTORIA (CD);;;;;100,00;;Se asignó el máximo valor de NBI (100%) por no contar con información suficiente para su estimación
91;AMAZONAS;460;MIRITI - PARANA (CD);;;100,00;;100,00;;Se asignó el máximo valor de NBI (100%) por no contar con información suficiente para su estimación
91;AMAZONAS;530;PUERTO ALEGRIA (CD);;;100,00;;100,00;;Se asignó el máximo valor de NBI (100%) por no contar con información suficiente para su estimación
91;AMAZONAS;536;PUERTO ARICA (CD);;;71,56;-;71,56;-;
91;AMAZONAS;540;PUERTO NARIÑO;30,44;-;68,26;-;58,35;-;
91;AMAZONAS;669;PUERTO SANTANDER (CD);;;100,00;;100,00;;Se asignó el máximo valor de NBI (100%) por no contar con información suficiente para su estimación
91;AMAZONAS;798;TARAPACA (CD);;;57,91;-;57,91;-;
94;GUAINIA;001;INIRIDA;45,66;-;84,45;-;57,53;-;
94;GUAINIA;343;BARRANCO MINAS (CD);;;100,00;;100,00;;Se asignó el máximo valor de NBI (100%) por no contar con información suficiente para su estimación
94;GUAINIA;663;MAPIRIPANA (CD);;;;;100,00;;Se asignó el máximo valor de NBI (100%) por no contar con información suficiente para su estimación
94;GUAINIA;883;SAN FELIPE (CD);;;100,00;;100,00;;Se asignó el máximo valor de NBI (100%) por no contar con información suficiente para su estimación
94;GUAINIA;884;PUERTO COLOMBIA (CD);;;97,79;-;97,79;-;
94;GUAINIA;885;LA GUADALUPE (CD);;;100,00;;100,00;;Se asignó el máximo valor de NBI (100%) por no contar con información suficiente para su estimación
94;GUAINIA;886;CACAHUAL (CD);;;100,00;;100,00;;Se asignó el máximo valor de NBI (100%) por no contar con información suficiente para su estimación
94;GUAINIA;887;PANA PANA (CD);;;;;100,00;;Se asignó el máximo valor de NBI (100%) por no contar con información suficiente para su estimación
94;GUAINIA;888;MORICHAL (CD);;;;;100,00;;Se asignó el máximo valor de NBI (100%) por no contar con información suficiente para su estimación
95;GUAVIARE;001;SAN JOSE DEL GUAVIARE;37,61;5,21;77,34;-;42,40;4,06;
95;GUAVIARE;015;CALAMAR;20,84;-;58,60;-;28,52;-;
95;GUAVIARE;025;EL RETORNO;100,00;;100,00;;100,00;;Se asignó el máximo valor de NBI (100%) por no contar con información suficiente para su estimación
95;GUAVIARE;200;MIRAFLORES;27,84;-;49,54;-;44,39;-;
97;VAUPES;001;MITU;40,26;-;90,89;-;51,78;-;
97;VAUPES;161;CARURU;100,00;;;;100,00;;Se asignó el máximo valor de NBI (100%) por no contar con información suficiente para su estimación
97;VAUPES;511;PACOA (CD);;;;;100,00;;Se asignó el máximo valor de NBI (100%) por no contar con información suficiente para su estimación
97;VAUPES;666;TARAIRA;27,88;-;92,59;-;82,07;-;
97;VAUPES;777;PAPUNAUA (CD);;;100,00;;100,00;;Se asignó el máximo valor de NBI (100%) por no contar con información suficiente para su estimación
97;VAUPES;889;YAVARATE (CD);;;78,52;-;78,52;-;
99;VICHADA;001;PUERTO CARREÑO;39,11;4,41;66,04;-;45,62;2,87;
99;VICHADA;524;LA PRIMAVERA;100,00;;100,00;;100,00;;Se asignó el máximo valor de NBI (100%) por no contar con información suficiente para su estimación
99;VICHADA;624;SANTA ROSALIA;46,68;-;75,11;-;58,44;-;
99;VICHADA;773;CUMARIBO;46,43;-;90,71;-;82,43;-;
Fuente: DANE, Censo General 2005.;;;;;;;;;;
 - Significa que el municipio fue censado con formulario ampliado en su totalidad, sin  seleccionar muestra, por lo tanto no tiene coeficiente de variación (cve).;;;;;;;;;;
Fecha de actualización: Miercoles 27 de Junio de 2012.;;;;;;;;;;
(1) Incluye los nuevos municipios creados con posterioridad al Censo 2005, los cuales han generado cambios en la distribución cabecera-resto a nivel departamental y nacional.;;;;;;;;;;
;Guachené, segregado de Caloto (Cauca), mediante Decreto 0653 de Diciembre 19 de 2006;;;;;;;;;
;Norosí, segregado de Rioviejo (Bolívar), mediante Decreto 699 de Diciembre 20 de 2007;;;;;;;;;
;San José de Uré, segregado de Montelíbano (Córdoba), mediante Ordenanza 11 de Diciembre 21 de 2007;;;;;;;;;
(2) Según fallo del Consejo de Estado del 22 de noviembre de 2007, Exp 2001-00458, la ordenanza 011 del 2000 de la Asamblea Departamental del Chocó fue declarada nula.;;;;;;;;;;
Actualmente persisten controversias sobre los límites departamentales entre Chocó y Antioquia, que están siendo revisados por las autoridades competentes. Una vez se  diriman dichas divergencias limítrofes el DANE hará los ajustes poblacionales pertinentes;;;;;;;;;;
(3) Acto administrativo de creación municipio de Tuchín: Ordenanza 09 de Diciembre 10 de 2007. Acto administrativo de ajuste de límites: Fallo del Tribunal Administrativo de Córdoba, Sala Tercera de Decisión, Montería, Julio 8 de 2010. Cuando sea allegada al DANE la nueva ordenanza, se realizará la revisión respectiva, por tanto estos datos pueden presentar variaciones.;;;;;;;;;;
(CD) Corregimiento Departamental.;;;;;;;;;;
