"Cod.Depto";"Nombre.Departamento";"Cod.Mpio";"Nombre.Municipio";"Cod.MpioCompleto";"NBI";"Nota.Aclaratoria"
5;"ANTIOQUIA";1;"MEDELLIN";5001;12,42;
5;"ANTIOQUIA";2;"ABEJORRAL";5002;33,85;
5;"ANTIOQUIA";4;"ABRIAQUI";5004;28,54;
5;"ANTIOQUIA";21;"ALEJANDRIA";5021;33,14;
5;"ANTIOQUIA";30;"AMAGA";5030;27,07;
5;"ANTIOQUIA";31;"AMALFI";5031;45,29;
5;"ANTIOQUIA";34;"ANDES";5034;30,49;
5;"ANTIOQUIA";36;"ANGELOPOLIS";5036;25,97;
5;"ANTIOQUIA";38;"ANGOSTURA";5038;55,16;
5;"ANTIOQUIA";40;"ANORI";5040;48,14;
5;"ANTIOQUIA";42;"SANTAFE DE ANTIOQUIA";5042;44,1;
5;"ANTIOQUIA";44;"ANZA";5044;51,34;
5;"ANTIOQUIA";45;"APARTADO";5045;24,53;
5;"ANTIOQUIA";51;"ARBOLETES";5051;72,4;
5;"ANTIOQUIA";55;"ARGELIA";5055;38,97;
5;"ANTIOQUIA";59;"ARMENIA";5059;39,83;
5;"ANTIOQUIA";79;"BARBOSA";5079;21,73;
5;"ANTIOQUIA";86;"BELMIRA";5086;29,05;
5;"ANTIOQUIA";88;"BELLO";5088;10,58;
5;"ANTIOQUIA";91;"BETANIA";5091;31,25;
5;"ANTIOQUIA";93;"BETULIA";5093;45,36;
5;"ANTIOQUIA";101;"CIUDAD BOLIVAR";5101;29,98;
5;"ANTIOQUIA";107;"BRICEÑO";5107;55,04;
5;"ANTIOQUIA";113;"BURITICA";5113;70,3;
5;"ANTIOQUIA";120;"CACERES";5120;66,81;
5;"ANTIOQUIA";125;"CAICEDO";5125;63,85;
5;"ANTIOQUIA";129;"CALDAS";5129;13,02;
5;"ANTIOQUIA";134;"CAMPAMENTO";5134;100;"Se asignó el máximo valor de NBI (100%) por no contar con información suficiente para su estimación"
5;"ANTIOQUIA";138;"CAÑASGORDAS";5138;57,09;
5;"ANTIOQUIA";142;"CARACOLI";5142;29,93;
5;"ANTIOQUIA";145;"CARAMANTA";5145;25;
5;"ANTIOQUIA";147;"CAREPA";5147;43,17;
5;"ANTIOQUIA";148;"EL CARMEN DE VIBORAL";5148;17,96;
5;"ANTIOQUIA";150;"CAROLINA";5150;17,42;
5;"ANTIOQUIA";154;"CAUCASIA";5154;52,41;
5;"ANTIOQUIA";172;"CHIGORODO";5172;40,15;
5;"ANTIOQUIA";190;"CISNEROS";5190;23,75;
5;"ANTIOQUIA";197;"COCORNA";5197;36,23;
5;"ANTIOQUIA";206;"CONCEPCION";5206;25,95;
5;"ANTIOQUIA";209;"CONCORDIA";5209;39,22;
5;"ANTIOQUIA";212;"COPACABANA";5212;9,75;
5;"ANTIOQUIA";234;"DABEIBA";5234;66,49;
5;"ANTIOQUIA";237;"DON MATIAS";5237;18,72;
5;"ANTIOQUIA";240;"EBEJICO";5240;42,52;
5;"ANTIOQUIA";250;"EL BAGRE";5250;50,75;
5;"ANTIOQUIA";264;"ENTRERRIOS";5264;15,26;
5;"ANTIOQUIA";266;"ENVIGADO";5266;5,43;
5;"ANTIOQUIA";282;"FREDONIA";5282;24,52;
5;"ANTIOQUIA";284;"FRONTINO";5284;44,37;
5;"ANTIOQUIA";306;"GIRALDO";5306;47,38;
5;"ANTIOQUIA";308;"GIRARDOTA";5308;15,43;
5;"ANTIOQUIA";310;"GOMEZ PLATA";5310;39,45;
5;"ANTIOQUIA";313;"GRANADA";5313;27,26;
5;"ANTIOQUIA";315;"GUADALUPE";5315;48,22;
5;"ANTIOQUIA";318;"GUARNE";5318;17,73;
5;"ANTIOQUIA";321;"GUATAPE";5321;14,51;
5;"ANTIOQUIA";347;"HELICONIA";5347;34,27;
5;"ANTIOQUIA";353;"HISPANIA";5353;28,26;
5;"ANTIOQUIA";360;"ITAGUI";5360;8,79;
5;"ANTIOQUIA";361;"ITUANGO";5361;65,22;
5;"ANTIOQUIA";364;"JARDIN";5364;24,28;
5;"ANTIOQUIA";368;"JERICO";5368;27,06;
5;"ANTIOQUIA";376;"LA CEJA";5376;13,75;
5;"ANTIOQUIA";380;"LA ESTRELLA";5380;11,64;
5;"ANTIOQUIA";390;"LA PINTADA";5390;37,63;
5;"ANTIOQUIA";400;"LA UNION";5400;18,4;
5;"ANTIOQUIA";411;"LIBORINA";5411;35,23;
5;"ANTIOQUIA";425;"MACEO";5425;35,42;
5;"ANTIOQUIA";440;"MARINILLA";5440;14,56;
5;"ANTIOQUIA";467;"MONTEBELLO";5467;33,97;
5;"ANTIOQUIA";475;"MURINDO";5475;97,08;
5;"ANTIOQUIA";480;"MUTATA";5480;60,74;
5;"ANTIOQUIA";483;"NARIÑO";5483;34,22;
5;"ANTIOQUIA";490;"NECOCLI";5490;77,8;
5;"ANTIOQUIA";495;"NECHI";5495;68,13;
5;"ANTIOQUIA";501;"OLAYA";5501;40,63;
5;"ANTIOQUIA";541;"PEÐOL";5541;21,53;
5;"ANTIOQUIA";543;"PEQUE";5543;74,51;
5;"ANTIOQUIA";576;"PUEBLORRICO";5576;30,02;
5;"ANTIOQUIA";579;"PUERTO BERRIO";5579;38,43;
5;"ANTIOQUIA";585;"PUERTO NARE";5585;31,94;
5;"ANTIOQUIA";591;"PUERTO TRIUNFO";5591;33,65;
5;"ANTIOQUIA";604;"REMEDIOS";5604;47,56;
5;"ANTIOQUIA";607;"RETIRO";5607;12,2;
5;"ANTIOQUIA";615;"RIONEGRO";5615;12,46;
5;"ANTIOQUIA";628;"SABANALARGA";5628;60,28;
5;"ANTIOQUIA";631;"SABANETA";5631;6,84;
5;"ANTIOQUIA";642;"SALGAR";5642;38,58;
5;"ANTIOQUIA";647;"SAN ANDRES DE CUERQUIA";5647;37,24;
5;"ANTIOQUIA";649;"SAN CARLOS";5649;32,41;
5;"ANTIOQUIA";652;"SAN FRANCISCO";5652;49,92;
5;"ANTIOQUIA";656;"SAN JERONIMO";5656;34,4;
5;"ANTIOQUIA";658;"SAN JOSE DE LA MONTAÑA";5658;21,52;
5;"ANTIOQUIA";659;"SAN JUAN DE URABA";5659;75,86;
5;"ANTIOQUIA";660;"SAN LUIS";5660;33,57;
5;"ANTIOQUIA";664;"SAN PEDRO";5664;17,87;
5;"ANTIOQUIA";665;"SAN PEDRO DE URABA";5665;82,5;
5;"ANTIOQUIA";667;"SAN RAFAEL";5667;35,1;
5;"ANTIOQUIA";670;"SAN ROQUE";5670;38,12;
5;"ANTIOQUIA";674;"SAN VICENTE";5674;29,92;
5;"ANTIOQUIA";679;"SANTA BARBARA";5679;28,46;
5;"ANTIOQUIA";686;"SANTA ROSA DE OSOS";5686;23,52;
5;"ANTIOQUIA";690;"SANTO DOMINGO";5690;29,07;
5;"ANTIOQUIA";697;"EL SANTUARIO";5697;20,73;
5;"ANTIOQUIA";736;"SEGOVIA";5736;41,37;
5;"ANTIOQUIA";756;"SONSON";5756;33,75;
5;"ANTIOQUIA";761;"SOPETRAN";5761;33,55;
5;"ANTIOQUIA";789;"TAMESIS";5789;28,25;
5;"ANTIOQUIA";790;"TARAZA";5790;61,97;
5;"ANTIOQUIA";792;"TARSO";5792;38,94;
5;"ANTIOQUIA";809;"TITIRIBI";5809;27,78;
5;"ANTIOQUIA";819;"TOLEDO";5819;50,47;
5;"ANTIOQUIA";837;"TURBO";5837;67,38;
5;"ANTIOQUIA";842;"URAMITA";5842;63,59;
5;"ANTIOQUIA";847;"URRAO";5847;40,2;
5;"ANTIOQUIA";854;"VALDIVIA";5854;54,49;
5;"ANTIOQUIA";856;"VALPARAISO";5856;26,25;
5;"ANTIOQUIA";858;"VEGACHI";5858;46,33;
5;"ANTIOQUIA";861;"VENECIA";5861;26,01;
5;"ANTIOQUIA";873;"VIGIA DEL FUERTE";5873;68,35;
5;"ANTIOQUIA";885;"YALI";5885;44,94;
5;"ANTIOQUIA";887;"YARUMAL";5887;28,26;
5;"ANTIOQUIA";890;"YOLOMBO";5890;40,63;
5;"ANTIOQUIA";893;"YONDO";5893;59,05;
5;"ANTIOQUIA";895;"ZARAGOZA";5895;64,3;
8;"ATLANTICO";1;"BARRANQUILLA";8001;17,72;
8;"ATLANTICO";78;"BARANOA";8078;26,82;
8;"ATLANTICO";137;"CAMPO DE LA CRUZ";8137;62,86;
8;"ATLANTICO";141;"CANDELARIA";8141;74,22;
8;"ATLANTICO";296;"GALAPA";8296;39,19;
8;"ATLANTICO";372;"JUAN DE ACOSTA";8372;30,95;
8;"ATLANTICO";421;"LURUACO";8421;50,54;
8;"ATLANTICO";433;"MALAMBO";8433;31,84;
8;"ATLANTICO";436;"MANATI";8436;57,14;
8;"ATLANTICO";520;"PALMAR DE VARELA";8520;37,66;
8;"ATLANTICO";549;"PIOJO";8549;54,03;
8;"ATLANTICO";558;"POLONUEVO";8558;35,36;
8;"ATLANTICO";560;"PONEDERA";8560;50,03;
8;"ATLANTICO";573;"PUERTO COLOMBIA";8573;24,74;
8;"ATLANTICO";606;"REPELON";8606;52,33;
8;"ATLANTICO";634;"SABANAGRANDE";8634;39,88;
8;"ATLANTICO";638;"SABANALARGA";8638;39,14;
8;"ATLANTICO";675;"SANTA LUCIA";8675;60;
8;"ATLANTICO";685;"SANTO TOMAS";8685;33,84;
8;"ATLANTICO";758;"SOLEDAD";8758;24,07;
8;"ATLANTICO";770;"SUAN";8770;55,4;
8;"ATLANTICO";832;"TUBARA";8832;35,9;
8;"ATLANTICO";849;"USIACURI";8849;43,28;
11;"BOGOTA";1;"BOGOTA, D.C.";11001;9,2;
13;"BOLIVAR";1;"CARTAGENA";13001;26,01;
13;"BOLIVAR";6;"ACHI";13006;80,74;
13;"BOLIVAR";30;"ALTOS DEL ROSARIO";13030;68,83;
13;"BOLIVAR";42;"ARENAL";13042;59,17;
13;"BOLIVAR";52;"ARJONA";13052;58,83;
13;"BOLIVAR";62;"ARROYOHONDO";13062;67,8;
13;"BOLIVAR";74;"BARRANCO DE LOBA";13074;74,54;
13;"BOLIVAR";140;"CALAMAR";13140;71,99;
13;"BOLIVAR";160;"CANTAGALLO";13160;61,88;
13;"BOLIVAR";188;"CICUCO";13188;60,88;
13;"BOLIVAR";212;"CORDOBA";13212;70,24;
13;"BOLIVAR";222;"CLEMENCIA";13222;72,06;
13;"BOLIVAR";244;"EL CARMEN DE BOLIVAR";13244;93,45;
13;"BOLIVAR";248;"EL GUAMO";13248;59,11;
13;"BOLIVAR";268;"EL PEÑON";13268;72,86;
13;"BOLIVAR";300;"HATILLO DE LOBA";13300;78,35;
13;"BOLIVAR";430;"MAGANGUE";13430;54,39;
13;"BOLIVAR";433;"MAHATES";13433;53,68;
13;"BOLIVAR";440;"MARGARITA";13440;76,03;
13;"BOLIVAR";442;"MARIA LA BAJA";13442;59,99;
13;"BOLIVAR";458;"MONTECRISTO";13458;68,33;
13;"BOLIVAR";468;"MOMPOS";13468;51,63;
13;"BOLIVAR";490;"NOROSI (1)";13490;88,81;
13;"BOLIVAR";473;"MORALES";13473;63,8;
13;"BOLIVAR";549;"PINILLOS";13549;81,05;
13;"BOLIVAR";580;"REGIDOR";13580;66,73;
13;"BOLIVAR";600;"RIO VIEJO (1)";13600;76,98;
13;"BOLIVAR";620;"SAN CRISTOBAL";13620;45,96;
13;"BOLIVAR";647;"SAN ESTANISLAO";13647;57,08;
13;"BOLIVAR";650;"SAN FERNANDO";13650;69,8;
13;"BOLIVAR";654;"SAN JACINTO";13654;94,38;
13;"BOLIVAR";655;"SAN JACINTO DEL CAUCA";13655;90,43;
13;"BOLIVAR";657;"SAN JUAN NEPOMUCENO";13657;67,87;
13;"BOLIVAR";667;"SAN MARTIN DE LOBA";13667;68,93;
13;"BOLIVAR";670;"SAN PABLO";13670;65,93;
13;"BOLIVAR";673;"SANTA CATALINA";13673;48,34;
13;"BOLIVAR";683;"SANTA ROSA";13683;91,9;
13;"BOLIVAR";688;"SANTA ROSA DEL SUR";13688;55,43;
13;"BOLIVAR";744;"SIMITI";13744;62;
13;"BOLIVAR";760;"SOPLAVIENTO";13760;53,23;
13;"BOLIVAR";780;"TALAIGUA NUEVO";13780;63,48;
13;"BOLIVAR";810;"TIQUISIO";13810;86,48;
13;"BOLIVAR";836;"TURBACO";13836;49,62;
13;"BOLIVAR";838;"TURBANA";13838;62,02;
13;"BOLIVAR";873;"VILLANUEVA";13873;86,43;
13;"BOLIVAR";894;"ZAMBRANO";13894;55,92;
15;"BOYACA";1;"TUNJA";15001;12,01;
15;"BOYACA";22;"ALMEIDA";15022;37,32;
15;"BOYACA";47;"AQUITANIA";15047;42,76;
15;"BOYACA";51;"ARCABUCO";15051;33,25;
15;"BOYACA";87;"BELEN";15087;31,06;
15;"BOYACA";90;"BERBEO";15090;36,12;
15;"BOYACA";92;"BETEITIVA";15092;64,02;
15;"BOYACA";97;"BOAVITA";15097;52,88;
15;"BOYACA";104;"BOYACA";15104;51,01;
15;"BOYACA";106;"BRICEÑO";15106;35,02;
15;"BOYACA";109;"BUENAVISTA";15109;45,04;
15;"BOYACA";114;"BUSBANZA";15114;57,97;
15;"BOYACA";131;"CALDAS";15131;39,04;
15;"BOYACA";135;"CAMPOHERMOSO";15135;44,05;
15;"BOYACA";162;"CERINZA";15162;26,02;
15;"BOYACA";172;"CHINAVITA";15172;35,79;
15;"BOYACA";176;"CHIQUINQUIRA";15176;17,87;
15;"BOYACA";180;"CHISCAS";15180;69,98;
15;"BOYACA";183;"CHITA";15183;81,22;
15;"BOYACA";185;"CHITARAQUE";15185;47,31;
15;"BOYACA";187;"CHIVATA";15187;49,37;
15;"BOYACA";189;"CIENEGA";15189;29,81;
15;"BOYACA";204;"COMBITA";15204;38,4;
15;"BOYACA";212;"COPER";15212;47,03;
15;"BOYACA";215;"CORRALES";15215;27,95;
15;"BOYACA";218;"COVARACHIA";15218;79,65;
15;"BOYACA";223;"CUBARA";15223;58,46;
15;"BOYACA";224;"CUCAITA";15224;42,91;
15;"BOYACA";226;"CUITIVA";15226;46,19;
15;"BOYACA";232;"CHIQUIZA";15232;49;
15;"BOYACA";236;"CHIVOR";15236;34,16;
15;"BOYACA";238;"DUITAMA";15238;8,99;
15;"BOYACA";244;"EL COCUY";15244;54,67;
15;"BOYACA";248;"EL ESPINO";15248;51,35;
15;"BOYACA";272;"FIRAVITOBA";15272;27,59;
15;"BOYACA";276;"FLORESTA";15276;46,14;
15;"BOYACA";293;"GACHANTIVA";15293;60,35;
15;"BOYACA";296;"GAMEZA";15296;44,19;
15;"BOYACA";299;"GARAGOA";15299;23,06;
15;"BOYACA";317;"GUACAMAYAS";15317;62,69;
15;"BOYACA";322;"GUATEQUE";15322;25,96;
15;"BOYACA";325;"GUAYATA";15325;48,08;
15;"BOYACA";332;"GsICAN";15332;68,54;
15;"BOYACA";362;"IZA";15362;23,22;
15;"BOYACA";367;"JENESANO";15367;41,83;
15;"BOYACA";368;"JERICO";15368;74;
15;"BOYACA";377;"LABRANZAGRANDE";15377;70,15;
15;"BOYACA";380;"LA CAPILLA";15380;25,3;
15;"BOYACA";401;"LA VICTORIA";15401;44,74;
15;"BOYACA";403;"LA UVITA";15403;49,63;
15;"BOYACA";407;"VILLA DE LEYVA";15407;25,86;
15;"BOYACA";425;"MACANAL";15425;35,23;
15;"BOYACA";442;"MARIPI";15442;47,63;
15;"BOYACA";455;"MIRAFLORES";15455;25,35;
15;"BOYACA";464;"MONGUA";15464;47,14;
15;"BOYACA";466;"MONGUI";15466;30,14;
15;"BOYACA";469;"MONIQUIRA";15469;30,88;
15;"BOYACA";476;"MOTAVITA";15476;50,19;
15;"BOYACA";480;"MUZO";15480;45,67;
15;"BOYACA";491;"NOBSA";15491;13,54;
15;"BOYACA";494;"NUEVO COLON";15494;28,48;
15;"BOYACA";500;"OICATA";15500;51,64;
15;"BOYACA";507;"OTANCHE";15507;50,66;
15;"BOYACA";511;"PACHAVITA";15511;37;
15;"BOYACA";514;"PAEZ";15514;38,15;
15;"BOYACA";516;"PAIPA";15516;18,07;
15;"BOYACA";518;"PAJARITO";15518;41,63;
15;"BOYACA";522;"PANQUEBA";15522;46,93;
15;"BOYACA";531;"PAUNA";15531;61,74;
15;"BOYACA";533;"PAYA";15533;82,42;
15;"BOYACA";537;"PAZ DE RIO";15537;27,61;
15;"BOYACA";542;"PESCA";15542;50,12;
15;"BOYACA";550;"PISBA";15550;80,77;
15;"BOYACA";572;"PUERTO BOYACA";15572;39,31;
15;"BOYACA";580;"QUIPAMA";15580;53,78;
15;"BOYACA";599;"RAMIRIQUI";15599;41,51;
15;"BOYACA";600;"RAQUIRA";15600;60,22;
15;"BOYACA";621;"RONDON";15621;41,71;
15;"BOYACA";632;"SABOYA";15632;49,19;
15;"BOYACA";638;"SACHICA";15638;46,08;
15;"BOYACA";646;"SAMACA";15646;30,86;
15;"BOYACA";660;"SAN EDUARDO";15660;30,72;
15;"BOYACA";664;"SAN JOSE DE PARE";15664;44,83;
15;"BOYACA";667;"SAN LUIS DE GACENO";15667;33,53;
15;"BOYACA";673;"SAN MATEO";15673;52,08;
15;"BOYACA";676;"SAN MIGUEL DE SEMA";15676;31,44;
15;"BOYACA";681;"SAN PABLO DE BORBUR";15681;46,72;
15;"BOYACA";686;"SANTANA";15686;42,46;
15;"BOYACA";690;"SANTA MARIA";15690;32,73;
15;"BOYACA";693;"SANTA ROSA DE VITERBO";15693;17,14;
15;"BOYACA";696;"SANTA SOFIA";15696;35,81;
15;"BOYACA";720;"SATIVANORTE";15720;60,4;
15;"BOYACA";723;"SATIVASUR";15723;46,14;
15;"BOYACA";740;"SIACHOQUE";15740;50,8;
15;"BOYACA";753;"SOATA";15753;40,11;
15;"BOYACA";755;"SOCOTA";15755;72,35;
15;"BOYACA";757;"SOCHA";15757;29,14;
15;"BOYACA";759;"SOGAMOSO";15759;11,6;
15;"BOYACA";761;"SOMONDOCO";15761;36,9;
15;"BOYACA";762;"SORA";15762;46,3;
15;"BOYACA";763;"SOTAQUIRA";15763;37,48;
15;"BOYACA";764;"SORACA";15764;46,26;
15;"BOYACA";774;"SUSACON";15774;55,95;
15;"BOYACA";776;"SUTAMARCHAN";15776;35,38;
15;"BOYACA";778;"SUTATENZA";15778;57,7;
15;"BOYACA";790;"TASCO";15790;39,49;
15;"BOYACA";798;"TENZA";15798;28,23;
15;"BOYACA";804;"TIBANA";15804;45,9;
15;"BOYACA";806;"TIBASOSA";15806;16,18;
15;"BOYACA";808;"TINJACA";15808;48,03;
15;"BOYACA";810;"TIPACOQUE";15810;63,14;
15;"BOYACA";814;"TOCA";15814;44,45;
15;"BOYACA";816;"TOGsI";15816;44;
15;"BOYACA";820;"TOPAGA";15820;29,4;
15;"BOYACA";822;"TOTA";15822;60,64;
15;"BOYACA";832;"TUNUNGUA";15832;22,67;
15;"BOYACA";835;"TURMEQUE";15835;32,11;
15;"BOYACA";837;"TUTA";15837;32,46;
15;"BOYACA";839;"TUTAZA";15839;46,68;
15;"BOYACA";842;"UMBITA";15842;47,36;
15;"BOYACA";861;"VENTAQUEMADA";15861;28,45;
15;"BOYACA";879;"VIRACACHA";15879;38,02;
15;"BOYACA";897;"ZETAQUIRA";15897;38,08;
17;"CALDAS";1;"MANIZALES";17001;10,03;
17;"CALDAS";13;"AGUADAS";17013;22,99;
17;"CALDAS";42;"ANSERMA";17042;19,08;
17;"CALDAS";50;"ARANZAZU";17050;20,34;
17;"CALDAS";88;"BELALCAZAR";17088;28,78;
17;"CALDAS";174;"CHINCHINA";17174;18,58;
17;"CALDAS";272;"FILADELFIA";17272;26,57;
17;"CALDAS";380;"LA DORADA";17380;25,07;
17;"CALDAS";388;"LA MERCED";17388;25,78;
17;"CALDAS";433;"MANZANARES";17433;28,13;
17;"CALDAS";442;"MARMATO";17442;35,99;
17;"CALDAS";444;"MARQUETALIA";17444;26,9;
17;"CALDAS";446;"MARULANDA";17446;21,43;
17;"CALDAS";486;"NEIRA";17486;22,56;
17;"CALDAS";495;"NORCASIA";17495;36,66;
17;"CALDAS";513;"PACORA";17513;24,88;
17;"CALDAS";524;"PALESTINA";17524;25,85;
17;"CALDAS";541;"PENSILVANIA";17541;23,61;
17;"CALDAS";614;"RIOSUCIO";17614;23,82;
17;"CALDAS";616;"RISARALDA";17616;24,61;
17;"CALDAS";653;"SALAMINA";17653;18,85;
17;"CALDAS";662;"SAMANA";17662;32,93;
17;"CALDAS";665;"SAN JOSE";17665;25,23;
17;"CALDAS";777;"SUPIA";17777;24,3;
17;"CALDAS";867;"VICTORIA";17867;30,66;
17;"CALDAS";873;"VILLAMARIA";17873;12,5;
17;"CALDAS";877;"VITERBO";17877;20,82;
18;"CAQUETA";1;"FLORENCIA";18001;26,85;
18;"CAQUETA";29;"ALBANIA";18029;35,03;
18;"CAQUETA";94;"BELEN DE LOS ANDAQUIES";18094;47,83;
18;"CAQUETA";150;"CARTAGENA DEL CHAIRA";18150;51,57;
18;"CAQUETA";205;"CURILLO";18205;44,58;
18;"CAQUETA";247;"EL DONCELLO";18247;42,34;
18;"CAQUETA";256;"EL PAUJIL";18256;54,22;
18;"CAQUETA";410;"LA MONTAÑITA";18410;65,29;
18;"CAQUETA";460;"MILAN";18460;60,77;
18;"CAQUETA";479;"MORELIA";18479;40,27;
18;"CAQUETA";592;"PUERTO RICO";18592;46,2;
18;"CAQUETA";610;"SAN JOSE DEL FRAGUA";18610;49,72;
18;"CAQUETA";753;"SAN VICENTE DEL CAGUAN";18753;53,98;
18;"CAQUETA";756;"SOLANO";18756;100;"Se asignó el máximo valor de NBI (100%) por no contar con información suficiente para su estimación"
18;"CAQUETA";785;"SOLITA";18785;52,87;
18;"CAQUETA";860;"VALPARAISO";18860;46,94;
19;"CAUCA";1;"POPAYAN";19001;18,07;
19;"CAUCA";22;"ALMAGUER";19022;88,54;
19;"CAUCA";50;"ARGELIA";19050;100;"Se asignó el máximo valor de NBI (100%) por no contar con información suficiente para su estimación"
19;"CAUCA";75;"BALBOA";19075;62,13;
19;"CAUCA";100;"BOLIVAR";19100;67;
19;"CAUCA";110;"BUENOS AIRES";19110;57,89;
19;"CAUCA";130;"CAJIBIO";19130;63,74;
19;"CAUCA";137;"CALDONO";19137;69,87;
19;"CAUCA";142;"CALOTO (1)";19142;48,94;
19;"CAUCA";212;"CORINTO";19212;53,58;
19;"CAUCA";256;"EL TAMBO";19256;53,45;
19;"CAUCA";290;"FLORENCIA";19290;46,74;
19;"CAUCA";300;"GUACHENE (1)";19300;26,23;
19;"CAUCA";318;"GUAPI";19318;87,42;
19;"CAUCA";355;"INZA";19355;68,44;
19;"CAUCA";364;"JAMBALO";19364;72,95;
19;"CAUCA";392;"LA SIERRA";19392;56,91;
19;"CAUCA";397;"LA VEGA";19397;70,62;
19;"CAUCA";418;"LOPEZ";19418;44,81;
19;"CAUCA";450;"MERCADERES";19450;69,05;
19;"CAUCA";455;"MIRANDA";19455;50,28;
19;"CAUCA";473;"MORALES";19473;62,29;
19;"CAUCA";513;"PADILLA";19513;22,17;
19;"CAUCA";517;"PAEZ";19517;64,27;
19;"CAUCA";532;"PATIA";19532;34,39;
19;"CAUCA";533;"PIAMONTE";19533;100;"Se asignó el máximo valor de NBI (100%) por no contar con información suficiente para su estimación"
19;"CAUCA";548;"PIENDAMO";19548;37,98;
19;"CAUCA";573;"PUERTO TEJADA";19573;18,05;
19;"CAUCA";585;"PURACE";19585;50,68;
19;"CAUCA";622;"ROSAS";19622;65,93;
19;"CAUCA";693;"SAN SEBASTIAN";19693;74,96;
19;"CAUCA";698;"SANTANDER DE QUILICHAO";19698;33,6;
19;"CAUCA";701;"SANTA ROSA";19701;77,72;
19;"CAUCA";743;"SILVIA";19743;50,29;
19;"CAUCA";760;"SOTARA";19760;57,27;
19;"CAUCA";780;"SUAREZ";19780;59,51;
19;"CAUCA";785;"SUCRE";19785;80,28;
19;"CAUCA";807;"TIMBIO";19807;36,04;
19;"CAUCA";809;"TIMBIQUI";19809;73,19;
19;"CAUCA";821;"TORIBIO";19821;61,81;
19;"CAUCA";824;"TOTORO";19824;60,97;
19;"CAUCA";845;"VILLA RICA";19845;30,66;
20;"CESAR";1;"VALLEDUPAR";20001;32,74;
20;"CESAR";11;"AGUACHICA";20011;41,9;
20;"CESAR";13;"AGUSTIN CODAZZI";20013;51,44;
20;"CESAR";32;"ASTREA";20032;70,86;
20;"CESAR";45;"BECERRIL";20045;56,51;
20;"CESAR";60;"BOSCONIA";20060;50,2;
20;"CESAR";175;"CHIMICHAGUA";20175;66,64;
20;"CESAR";178;"CHIRIGUANA";20178;53,52;
20;"CESAR";228;"CURUMANI";20228;47,89;
20;"CESAR";238;"EL COPEY";20238;51,17;
20;"CESAR";250;"EL PASO";20250;61,82;
20;"CESAR";295;"GAMARRA";20295;50,52;
20;"CESAR";310;"GONZALEZ";20310;66,33;
20;"CESAR";383;"LA GLORIA";20383;54,77;
20;"CESAR";400;"LA JAGUA DE IBIRICO";20400;55,65;
20;"CESAR";443;"MANAURE";20443;55,29;
20;"CESAR";517;"PAILITAS";20517;51,27;
20;"CESAR";550;"PELAYA";20550;55,36;
20;"CESAR";570;"PUEBLO BELLO";20570;83,4;
20;"CESAR";614;"RIO DE ORO";20614;49,66;
20;"CESAR";621;"LA PAZ";20621;49,34;
20;"CESAR";710;"SAN ALBERTO";20710;34,26;
20;"CESAR";750;"SAN DIEGO";20750;40,29;
20;"CESAR";770;"SAN MARTIN";20770;46,86;
20;"CESAR";787;"TAMALAMEQUE";20787;61,29;
23;"CORDOBA";1;"MONTERIA";23001;44,51;
23;"CORDOBA";68;"AYAPEL";23068;61,55;
23;"CORDOBA";79;"BUENAVISTA";23079;61,34;
23;"CORDOBA";90;"CANALETE";23090;85,95;
23;"CORDOBA";162;"CERETE";23162;50,43;
23;"CORDOBA";168;"CHIMA (3)";23168;62,87;
23;"CORDOBA";182;"CHINU";23182;53,78;
23;"CORDOBA";189;"CIENAGA DE ORO";23189;61,84;
23;"CORDOBA";300;"COTORRA";23300;61,27;
23;"CORDOBA";350;"LA APARTADA";23350;53,65;
23;"CORDOBA";417;"LORICA";23417;64,7;
23;"CORDOBA";419;"LOS CORDOBAS";23419;85,38;
23;"CORDOBA";464;"MOMIL";23464;63,47;
23;"CORDOBA";466;"MONTELIBANO (1)";23466;45,11;
23;"CORDOBA";500;"MOÑITOS";23500;77,14;
23;"CORDOBA";555;"PLANETA RICA";23555;58,45;
23;"CORDOBA";570;"PUEBLO NUEVO";23570;63,04;
23;"CORDOBA";574;"PUERTO ESCONDIDO";23574;84,6;
23;"CORDOBA";580;"PUERTO LIBERTADOR";23580;64,41;
23;"CORDOBA";586;"PURISIMA";23586;67,63;
23;"CORDOBA";660;"SAHAGUN";23660;53,8;
23;"CORDOBA";670;"SAN ANDRES SOTAVENTO (3)";23670;82,47;
23;"CORDOBA";672;"SAN ANTERO";23672;65,64;
23;"CORDOBA";675;"SAN BERNARDO DEL VIENTO";23675;70,71;
23;"CORDOBA";678;"SAN CARLOS";23678;66,22;
23;"CORDOBA";682;"SAN JOSE DE URE (1)";23682;72,53;
23;"CORDOBA";686;"SAN PELAYO";23686;63,4;
23;"CORDOBA";807;"TIERRALTA";23807;73,29;
23;"CORDOBA";815;"TUCHÍN (3)";23815;92,26;
23;"CORDOBA";855;"VALENCIA";23855;76,17;
25;"CUNDINAMARCA";1;"AGUA DE DIOS";25001;20,67;
25;"CUNDINAMARCA";19;"ALBAN";25019;25,78;
25;"CUNDINAMARCA";35;"ANAPOIMA";25035;29,98;
25;"CUNDINAMARCA";40;"ANOLAIMA";25040;26,86;
25;"CUNDINAMARCA";53;"ARBELAEZ";25053;25,25;
25;"CUNDINAMARCA";86;"BELTRAN";25086;33,86;
25;"CUNDINAMARCA";95;"BITUIMA";25095;32,09;
25;"CUNDINAMARCA";99;"BOJACA";25099;20,78;
25;"CUNDINAMARCA";120;"CABRERA";25120;37,44;
25;"CUNDINAMARCA";123;"CACHIPAY";25123;21,43;
25;"CUNDINAMARCA";126;"CAJICA";25126;12,74;
25;"CUNDINAMARCA";148;"CAPARRAPI";25148;53,9;
25;"CUNDINAMARCA";151;"CAQUEZA";25151;30,34;
25;"CUNDINAMARCA";154;"CARMEN DE CARUPA";25154;39,19;
25;"CUNDINAMARCA";168;"CHAGUANI";25168;44,09;
25;"CUNDINAMARCA";175;"CHIA";25175;7,11;
25;"CUNDINAMARCA";178;"CHIPAQUE";25178;30,34;
25;"CUNDINAMARCA";181;"CHOACHI";25181;24,31;
25;"CUNDINAMARCA";183;"CHOCONTA";25183;39,98;
25;"CUNDINAMARCA";200;"COGUA";25200;13,16;
25;"CUNDINAMARCA";214;"COTA";25214;13,88;
25;"CUNDINAMARCA";224;"CUCUNUBA";25224;40,73;
25;"CUNDINAMARCA";245;"EL COLEGIO";25245;21,32;
25;"CUNDINAMARCA";258;"EL PEÑON";25258;48;
25;"CUNDINAMARCA";260;"EL ROSAL";25260;24,68;
25;"CUNDINAMARCA";269;"FACATATIVA";25269;13,09;
25;"CUNDINAMARCA";279;"FOMEQUE";25279;30,36;
25;"CUNDINAMARCA";281;"FOSCA";25281;38,92;
25;"CUNDINAMARCA";286;"FUNZA";25286;13,41;
25;"CUNDINAMARCA";288;"FUQUENE";25288;23,43;
25;"CUNDINAMARCA";290;"FUSAGASUGA";25290;17,44;
25;"CUNDINAMARCA";293;"GACHALA";25293;33,67;
25;"CUNDINAMARCA";295;"GACHANCIPA";25295;20,96;
25;"CUNDINAMARCA";297;"GACHETA";25297;38,89;
25;"CUNDINAMARCA";299;"GAMA";25299;27,27;
25;"CUNDINAMARCA";307;"GIRARDOT";25307;20,09;
25;"CUNDINAMARCA";312;"GRANADA";25312;18,25;
25;"CUNDINAMARCA";317;"GUACHETA";25317;32,82;
25;"CUNDINAMARCA";320;"GUADUAS";25320;29,84;
25;"CUNDINAMARCA";322;"GUASCA";25322;18,52;
25;"CUNDINAMARCA";324;"GUATAQUI";25324;47,11;
25;"CUNDINAMARCA";326;"GUATAVITA";25326;22,93;
25;"CUNDINAMARCA";328;"GUAYABAL DE SIQUIMA";25328;27,6;
25;"CUNDINAMARCA";335;"GUAYABETAL";25335;31,69;
25;"CUNDINAMARCA";339;"GUTIERREZ";25339;46,75;
25;"CUNDINAMARCA";368;"JERUSALEN";25368;51,14;
25;"CUNDINAMARCA";372;"JUNIN";25372;34,11;
25;"CUNDINAMARCA";377;"LA CALERA";25377;13,36;
25;"CUNDINAMARCA";386;"LA MESA";25386;23,69;
25;"CUNDINAMARCA";394;"LA PALMA";25394;42,75;
25;"CUNDINAMARCA";398;"LA PEÑA";25398;68,49;
25;"CUNDINAMARCA";402;"LA VEGA";25402;24,8;
25;"CUNDINAMARCA";407;"LENGUAZAQUE";25407;32,41;
25;"CUNDINAMARCA";426;"MACHETA";25426;45,07;
25;"CUNDINAMARCA";430;"MADRID";25430;13,62;
25;"CUNDINAMARCA";436;"MANTA";25436;37,61;
25;"CUNDINAMARCA";438;"MEDINA";25438;42,76;
25;"CUNDINAMARCA";473;"MOSQUERA";25473;11,06;
25;"CUNDINAMARCA";483;"NARIÑO";25483;43,93;
25;"CUNDINAMARCA";486;"NEMOCON";25486;17,16;
25;"CUNDINAMARCA";488;"NILO";25488;24,01;
25;"CUNDINAMARCA";489;"NIMAIMA";25489;29;
25;"CUNDINAMARCA";491;"NOCAIMA";25491;35,27;
25;"CUNDINAMARCA";506;"VENECIA";25506;25,05;
25;"CUNDINAMARCA";513;"PACHO";25513;22,22;
25;"CUNDINAMARCA";518;"PAIME";25518;59,72;
25;"CUNDINAMARCA";524;"PANDI";25524;35,98;
25;"CUNDINAMARCA";530;"PARATEBUENO";25530;38,88;
25;"CUNDINAMARCA";535;"PASCA";25535;26,24;
25;"CUNDINAMARCA";572;"PUERTO SALGAR";25572;29,26;
25;"CUNDINAMARCA";580;"PULI";25580;41,7;
25;"CUNDINAMARCA";592;"QUEBRADANEGRA";25592;39,53;
25;"CUNDINAMARCA";594;"QUETAME";25594;39,23;
25;"CUNDINAMARCA";596;"QUIPILE";25596;42,72;
25;"CUNDINAMARCA";599;"APULO";25599;37,59;
25;"CUNDINAMARCA";612;"RICAURTE";25612;36,63;
25;"CUNDINAMARCA";645;"SAN ANTONIO DEL TEQUENDAMA";25645;27,61;
25;"CUNDINAMARCA";649;"SAN BERNARDO";25649;27,1;
25;"CUNDINAMARCA";653;"SAN CAYETANO";25653;37,71;
25;"CUNDINAMARCA";658;"SAN FRANCISCO";25658;22,63;
25;"CUNDINAMARCA";662;"SAN JUAN DE RIO SECO";25662;34,15;
25;"CUNDINAMARCA";718;"SASAIMA";25718;24,77;
25;"CUNDINAMARCA";736;"SESQUILE";25736;16,56;
25;"CUNDINAMARCA";740;"SIBATE";25740;16,65;
25;"CUNDINAMARCA";743;"SILVANIA";25743;24,62;
25;"CUNDINAMARCA";745;"SIMIJACA";25745;22,05;
25;"CUNDINAMARCA";754;"SOACHA";25754;16,16;
25;"CUNDINAMARCA";758;"SOPO";25758;8,94;
25;"CUNDINAMARCA";769;"SUBACHOQUE";25769;14,02;
25;"CUNDINAMARCA";772;"SUESCA";25772;23,62;
25;"CUNDINAMARCA";777;"SUPATA";25777;32,95;
25;"CUNDINAMARCA";779;"SUSA";25779;30,71;
25;"CUNDINAMARCA";781;"SUTATAUSA";25781;30;
25;"CUNDINAMARCA";785;"TABIO";25785;12,4;
25;"CUNDINAMARCA";793;"TAUSA";25793;25,5;
25;"CUNDINAMARCA";797;"TENA";25797;24,17;
25;"CUNDINAMARCA";799;"TENJO";25799;16,17;
25;"CUNDINAMARCA";805;"TIBACUY";25805;37,47;
25;"CUNDINAMARCA";807;"TIBIRITA";25807;34,05;
25;"CUNDINAMARCA";815;"TOCAIMA";25815;33,77;
25;"CUNDINAMARCA";817;"TOCANCIPA";25817;20,01;
25;"CUNDINAMARCA";823;"TOPAIPI";25823;63,58;
25;"CUNDINAMARCA";839;"UBALA";25839;49,47;
25;"CUNDINAMARCA";841;"UBAQUE";25841;32,15;
25;"CUNDINAMARCA";843;"VILLA DE SAN DIEGO DE UBATE";25843;20,94;
25;"CUNDINAMARCA";845;"UNE";25845;28,17;
25;"CUNDINAMARCA";851;"UTICA";25851;42,7;
25;"CUNDINAMARCA";862;"VERGARA";25862;52,14;
25;"CUNDINAMARCA";867;"VIANI";25867;30,86;
25;"CUNDINAMARCA";871;"VILLAGOMEZ";25871;42,95;
25;"CUNDINAMARCA";873;"VILLAPINZON";25873;25,85;
25;"CUNDINAMARCA";875;"VILLETA";25875;21,34;
25;"CUNDINAMARCA";878;"VIOTA";25878;38,46;
25;"CUNDINAMARCA";885;"YACOPI";25885;64,73;
25;"CUNDINAMARCA";898;"ZIPACON";25898;30,57;
25;"CUNDINAMARCA";899;"ZIPAQUIRA";25899;13;
27;"CHOCO";1;"QUIBDO";27001;89,47;
27;"CHOCO";6;"ACANDI";27006;49,25;
27;"CHOCO";25;"ALTO BAUDO";27025;97,18;
27;"CHOCO";50;"ATRATO";27050;80,11;
27;"CHOCO";73;"BAGADO";27073;84,49;
27;"CHOCO";75;"BAHIA SOLANO";27075;30,19;
27;"CHOCO";77;"BAJO BAUDO";27077;78,28;
27;"CHOCO";99;"BOJAYA";27099;96,03;
27;"CHOCO";135;"EL CANTON DEL SAN PABLO";27135;52,55;
27;"CHOCO";150;"CARMEN DEL DARIEN";27150;90,67;
27;"CHOCO";160;"CERTEGUI";27160;87,24;
27;"CHOCO";205;"CONDOTO";27205;62,58;
27;"CHOCO";245;"EL CARMEN DE ATRATO";27245;31,7;
27;"CHOCO";250;"EL LITORAL DEL SAN JUAN";27250;77,55;
27;"CHOCO";361;"ISTMINA";27361;88,08;
27;"CHOCO";372;"JURADO";27372;86,21;
27;"CHOCO";413;"LLORO";27413;71,78;
27;"CHOCO";425;"MEDIO ATRATO";27425;100;"Se asignó el máximo valor de NBI (100%) por no contar con información suficiente para su estimación"
27;"CHOCO";430;"MEDIO BAUDO";27430;100;"Se asignó el máximo valor de NBI (100%) por no contar con información suficiente para su estimación"
27;"CHOCO";450;"MEDIO SAN JUAN";27450;58,2;
27;"CHOCO";491;"NOVITA";27491;66,19;
27;"CHOCO";495;"NUQUI";27495;45,24;
27;"CHOCO";580;"RIO IRO";27580;82,68;
27;"CHOCO";600;"RIO QUITO";27600;98,81;
27;"CHOCO";615;"RIOSUCIO (2)";27615;85,21;"Según fallo del Consejo de Estado del 22 de noviembre de 2007, Exp 2001-00458, la ordenanza 011 del 2000 de la Asamblea Departamental del Chocó fue declarada nula. Actualmente persisten controversias sobre los límites departamentales entre Chocó y Antioquia, que están siendo revisados por las autoridades competentes. Una vez se  diriman dichas divergencias limítrofes el DANE hará los ajustes poblacionales pertinentes."
27;"CHOCO";660;"SAN JOSE DEL PALMAR";27660;42,02;
27;"CHOCO";745;"SIPI";27745;47,47;
27;"CHOCO";787;"TADO";27787;86,86;
27;"CHOCO";800;"UNGUIA";27800;60,63;
27;"CHOCO";810;"UNION PANAMERICANA";27810;53,39;
41;"HUILA";1;"NEIVA";41001;17,7;
41;"HUILA";6;"ACEVEDO";41006;64,1;
41;"HUILA";13;"AGRADO";41013;44,92;
41;"HUILA";16;"AIPE";41016;38,01;
41;"HUILA";20;"ALGECIRAS";41020;49,2;
41;"HUILA";26;"ALTAMIRA";41026;23,58;
41;"HUILA";78;"BARAYA";41078;100;"Se asignó el máximo valor de NBI (100%) por no contar con información suficiente para su estimación"
41;"HUILA";132;"CAMPOALEGRE";41132;26,67;
41;"HUILA";206;"COLOMBIA";41206;64,77;
41;"HUILA";244;"ELIAS";41244;33,27;
41;"HUILA";298;"GARZON";41298;30,93;
41;"HUILA";306;"GIGANTE";41306;30,7;
41;"HUILA";319;"GUADALUPE";41319;36,94;
41;"HUILA";349;"HOBO";41349;32,68;
41;"HUILA";357;"IQUIRA";41357;44,29;
41;"HUILA";359;"ISNOS";41359;46,63;
41;"HUILA";378;"LA ARGENTINA";41378;44,67;
41;"HUILA";396;"LA PLATA";41396;44,51;
41;"HUILA";483;"NATAGA";41483;42,28;
41;"HUILA";503;"OPORAPA";41503;53,3;
41;"HUILA";518;"PAICOL";41518;38,44;
41;"HUILA";524;"PALERMO";41524;30,22;
41;"HUILA";530;"PALESTINA";41530;44,97;
41;"HUILA";548;"PITAL";41548;44,85;
41;"HUILA";551;"PITALITO";41551;37,08;
41;"HUILA";615;"RIVERA";41615;32,32;
41;"HUILA";660;"SALADOBLANCO";41660;49,44;
41;"HUILA";668;"SAN AGUSTIN";41668;42,49;
41;"HUILA";676;"SANTA MARIA";41676;42,02;
41;"HUILA";770;"SUAZA";41770;45,69;
41;"HUILA";791;"TARQUI";41791;40,85;
41;"HUILA";797;"TESALIA";41797;29,53;
41;"HUILA";799;"TELLO";41799;53,45;
41;"HUILA";801;"TERUEL";41801;34,45;
41;"HUILA";807;"TIMANA";41807;31,45;
41;"HUILA";872;"VILLAVIEJA";41872;40;
41;"HUILA";885;"YAGUARA";41885;21,84;
44;"LA GUAJIRA";1;"RIOHACHA";44001;49,1;
44;"LA GUAJIRA";35;"ALBANIA";44035;60,95;
44;"LA GUAJIRA";78;"BARRANCAS";44078;54,15;
44;"LA GUAJIRA";90;"DIBULLA";44090;66,52;
44;"LA GUAJIRA";98;"DISTRACCION";44098;62,88;
44;"LA GUAJIRA";110;"EL MOLINO";44110;56,49;
44;"LA GUAJIRA";279;"FONSECA";44279;43,37;
44;"LA GUAJIRA";378;"HATONUEVO";44378;58,69;
44;"LA GUAJIRA";420;"LA JAGUA DEL PILAR";44420;66,75;
44;"LA GUAJIRA";430;"MAICAO";44430;68,36;
44;"LA GUAJIRA";560;"MANAURE";44560;79,75;
44;"LA GUAJIRA";650;"SAN JUAN DEL CESAR";44650;44,79;
44;"LA GUAJIRA";847;"URIBIA";44847;96,05;
44;"LA GUAJIRA";855;"URUMITA";44855;62,98;
44;"LA GUAJIRA";874;"VILLANUEVA";44874;47,57;
47;"MAGDALENA";1;"SANTA MARTA";47001;29,03;
47;"MAGDALENA";30;"ALGARROBO";47030;64,65;
47;"MAGDALENA";53;"ARACATACA";47053;61,4;
47;"MAGDALENA";58;"ARIGUANI";47058;59,22;
47;"MAGDALENA";161;"CERRO SAN ANTONIO";47161;63,73;
47;"MAGDALENA";170;"CHIBOLO";47170;72,25;
47;"MAGDALENA";189;"CIENAGA";47189;43,81;
47;"MAGDALENA";205;"CONCORDIA";47205;62,6;
47;"MAGDALENA";245;"EL BANCO";47245;63,65;
47;"MAGDALENA";258;"EL PIÑON";47258;61,63;
47;"MAGDALENA";268;"EL RETEN";47268;59,22;
47;"MAGDALENA";288;"FUNDACION";47288;44,14;
47;"MAGDALENA";318;"GUAMAL";47318;63,88;
47;"MAGDALENA";460;"NUEVA GRANADA";47460;83;
47;"MAGDALENA";541;"PEDRAZA";47541;68,58;
47;"MAGDALENA";545;"PIJIÑO DEL CARMEN";47545;83,16;
47;"MAGDALENA";551;"PIVIJAY";47551;47,56;
47;"MAGDALENA";555;"PLATO";47555;63,61;
47;"MAGDALENA";570;"PUEBLOVIEJO";47570;57,76;
47;"MAGDALENA";605;"REMOLINO";47605;61,71;
47;"MAGDALENA";660;"SABANAS DE SAN ANGEL";47660;71,05;
47;"MAGDALENA";675;"SALAMINA";47675;53,51;
47;"MAGDALENA";692;"SAN SEBASTIAN DE BUENAVISTA";47692;66,35;
47;"MAGDALENA";703;"SAN ZENON";47703;73,73;
47;"MAGDALENA";707;"SANTA ANA";47707;66,49;
47;"MAGDALENA";720;"SANTA BARBARA DE PINTO";47720;80,25;
47;"MAGDALENA";745;"SITIONUEVO";47745;66,89;
47;"MAGDALENA";798;"TENERIFE";47798;68,16;
47;"MAGDALENA";960;"ZAPAYAN";47960;77,76;
47;"MAGDALENA";980;"ZONA BANANERA";47980;44,22;
50;"META";1;"VILLAVICENCIO";50001;17,07;
50;"META";6;"ACACIAS";50006;22,68;
50;"META";110;"BARRANCA DE UPIA";50110;40,21;
50;"META";124;"CABUYARO";50124;44;
50;"META";150;"CASTILLA LA NUEVA";50150;23,42;
50;"META";223;"CUBARRAL";50223;31,17;
50;"META";226;"CUMARAL";50226;23,3;
50;"META";245;"EL CALVARIO";50245;20,19;
50;"META";251;"EL CASTILLO";50251;41,35;
50;"META";270;"EL DORADO";50270;35,98;
50;"META";287;"FUENTE DE ORO";50287;39,09;
50;"META";313;"GRANADA";50313;27,63;
50;"META";318;"GUAMAL";50318;19,42;
50;"META";325;"MAPIRIPAN";50325;100;"Se asignó el máximo valor de NBI (100%) por no contar con información suficiente para su estimación"
50;"META";330;"MESETAS";50330;100;"Se asignó el máximo valor de NBI (100%) por no contar con información suficiente para su estimación"
50;"META";350;"LA MACARENA";50350;100;"Se asignó el máximo valor de NBI (100%) por no contar con información suficiente para su estimación"
50;"META";370;"URIBE";50370;50,47;
50;"META";400;"LEJANIAS";50400;38,39;
50;"META";450;"PUERTO CONCORDIA";50450;100;"Se asignó el máximo valor de NBI (100%) por no contar con información suficiente para su estimación"
50;"META";568;"PUERTO GAITAN";50568;65,47;
50;"META";573;"PUERTO LOPEZ";50573;32,8;
50;"META";577;"PUERTO LLERAS";50577;59,84;
50;"META";590;"PUERTO RICO";50590;100;"Se asignó el máximo valor de NBI (100%) por no contar con información suficiente para su estimación"
50;"META";606;"RESTREPO";50606;17,54;
50;"META";680;"SAN CARLOS DE GUAROA";50680;39,03;
50;"META";683;"SAN JUAN DE ARAMA";50683;39,38;
50;"META";686;"SAN JUANITO";50686;29,75;
50;"META";689;"SAN MARTIN";50689;26,99;
50;"META";711;"VISTAHERMOSA";50711;53,86;
52;"NARIÑO";1;"PASTO";52001;16,2;
52;"NARIÑO";19;"ALBAN";52019;45,53;
52;"NARIÑO";22;"ALDANA";52022;36,81;
52;"NARIÑO";36;"ANCUYA";52036;46,14;
52;"NARIÑO";51;"ARBOLEDA";52051;81,83;
52;"NARIÑO";79;"BARBACOAS";52079;73,87;
52;"NARIÑO";83;"BELEN";52083;28,34;
52;"NARIÑO";110;"BUESACO";52110;58,64;
52;"NARIÑO";203;"COLON";52203;57,41;
52;"NARIÑO";207;"CONSACA";52207;57,64;
52;"NARIÑO";210;"CONTADERO";52210;65,45;
52;"NARIÑO";215;"CORDOBA";52215;71,94;
52;"NARIÑO";224;"CUASPUD";52224;56,59;
52;"NARIÑO";227;"CUMBAL";52227;40,34;
52;"NARIÑO";233;"CUMBITARA";52233;100;"Se asignó el máximo valor de NBI (100%) por no contar con información suficiente para su estimación"
52;"NARIÑO";240;"CHACHAGsI";52240;47,2;
52;"NARIÑO";250;"EL CHARCO";52250;81;
52;"NARIÑO";254;"EL PEÑOL";52254;54,37;
52;"NARIÑO";256;"EL ROSARIO";52256;81,02;
52;"NARIÑO";258;"EL TABLON DE GOMEZ";52258;50,22;
52;"NARIÑO";260;"EL TAMBO";52260;45,34;
52;"NARIÑO";287;"FUNES";52287;64,73;
52;"NARIÑO";317;"GUACHUCAL";52317;39,89;
52;"NARIÑO";320;"GUAITARILLA";52320;54,29;
52;"NARIÑO";323;"GUALMATAN";52323;47,44;
52;"NARIÑO";352;"ILES";52352;60,19;
52;"NARIÑO";354;"IMUES";52354;55,43;
52;"NARIÑO";356;"IPIALES";52356;30,66;
52;"NARIÑO";378;"LA CRUZ";52378;71,67;
52;"NARIÑO";381;"LA FLORIDA";52381;46,21;
52;"NARIÑO";385;"LA LLANADA";52385;37,12;
52;"NARIÑO";390;"LA TOLA";52390;91,46;
52;"NARIÑO";399;"LA UNION";52399;38,04;
52;"NARIÑO";405;"LEIVA";52405;64,26;
52;"NARIÑO";411;"LINARES";52411;53,94;
52;"NARIÑO";418;"LOS ANDES";52418;68,49;
52;"NARIÑO";427;"MAGsI";52427;82,52;
52;"NARIÑO";435;"MALLAMA";52435;46,06;
52;"NARIÑO";473;"MOSQUERA";52473;84,32;
52;"NARIÑO";480;"NARIÑO";52480;40,21;
52;"NARIÑO";490;"OLAYA HERRERA";52490;65,56;
52;"NARIÑO";506;"OSPINA";52506;59,19;
52;"NARIÑO";520;"FRANCISCO PIZARRO";52520;71,31;
52;"NARIÑO";540;"POLICARPA";52540;46,56;
52;"NARIÑO";560;"POTOSI";52560;42,6;
52;"NARIÑO";565;"PROVIDENCIA";52565;64,53;
52;"NARIÑO";573;"PUERRES";52573;46,15;
52;"NARIÑO";585;"PUPIALES";52585;40,94;
52;"NARIÑO";612;"RICAURTE";52612;65,91;
52;"NARIÑO";621;"ROBERTO PAYAN";52621;72,92;
52;"NARIÑO";678;"SAMANIEGO";52678;58,03;
52;"NARIÑO";683;"SANDONA";52683;42,32;
52;"NARIÑO";685;"SAN BERNARDO";52685;57,35;
52;"NARIÑO";687;"SAN LORENZO";52687;57,31;
52;"NARIÑO";693;"SAN PABLO";52693;33,34;
52;"NARIÑO";694;"SAN PEDRO DE CARTAGO";52694;57;
52;"NARIÑO";696;"SANTA BARBARA";52696;100;"Se asignó el máximo valor de NBI (100%) por no contar con información suficiente para su estimación"
52;"NARIÑO";699;"SANTACRUZ";52699;67,98;
52;"NARIÑO";720;"SAPUYES";52720;36,22;
52;"NARIÑO";786;"TAMINANGO";52786;55,11;
52;"NARIÑO";788;"TANGUA";52788;54,38;
52;"NARIÑO";835;"SAN ANDRES DE TUMACO";52835;48,7;
52;"NARIÑO";838;"TUQUERRES";52838;41,32;
52;"NARIÑO";885;"YACUANQUER";52885;63,39;
54;"N. DE SANTANDER";1;"CUCUTA";54001;23,24;
54;"N. DE SANTANDER";3;"ABREGO";54003;48,44;
54;"N. DE SANTANDER";51;"ARBOLEDAS";54051;52,01;
54;"N. DE SANTANDER";99;"BOCHALEMA";54099;29,31;
54;"N. DE SANTANDER";109;"BUCARASICA";54109;64,33;
54;"N. DE SANTANDER";125;"CACOTA";54125;52,8;
54;"N. DE SANTANDER";128;"CACHIRA";54128;49,2;
54;"N. DE SANTANDER";172;"CHINACOTA";54172;22,92;
54;"N. DE SANTANDER";174;"CHITAGA";54174;52,59;
54;"N. DE SANTANDER";206;"CONVENCION";54206;45,1;
54;"N. DE SANTANDER";223;"CUCUTILLA";54223;58,61;
54;"N. DE SANTANDER";239;"DURANIA";54239;34,11;
54;"N. DE SANTANDER";245;"EL CARMEN";54245;66,53;
54;"N. DE SANTANDER";250;"EL TARRA";54250;73,11;
54;"N. DE SANTANDER";261;"EL ZULIA";54261;42,93;
54;"N. DE SANTANDER";313;"GRAMALOTE";54313;32,9;
54;"N. DE SANTANDER";344;"HACARI";54344;79,18;
54;"N. DE SANTANDER";347;"HERRAN";54347;38,11;
54;"N. DE SANTANDER";377;"LABATECA";54377;42,94;
54;"N. DE SANTANDER";385;"LA ESPERANZA";54385;60,74;
54;"N. DE SANTANDER";398;"LA PLAYA";54398;50,83;
54;"N. DE SANTANDER";405;"LOS PATIOS";54405;18,73;
54;"N. DE SANTANDER";418;"LOURDES";54418;35,19;
54;"N. DE SANTANDER";480;"MUTISCUA";54480;37,41;
54;"N. DE SANTANDER";498;"OCAÑA";54498;26,16;
54;"N. DE SANTANDER";518;"PAMPLONA";54518;15,05;
54;"N. DE SANTANDER";520;"PAMPLONITA";54520;44,8;
54;"N. DE SANTANDER";553;"PUERTO SANTANDER";54553;43,36;
54;"N. DE SANTANDER";599;"RAGONVALIA";54599;44,18;
54;"N. DE SANTANDER";660;"SALAZAR";54660;43,59;
54;"N. DE SANTANDER";670;"SAN CALIXTO";54670;73,89;
54;"N. DE SANTANDER";673;"SAN CAYETANO";54673;38,28;
54;"N. DE SANTANDER";680;"SANTIAGO";54680;35,56;
54;"N. DE SANTANDER";720;"SARDINATA";54720;53,3;
54;"N. DE SANTANDER";743;"SILOS";54743;41,33;
54;"N. DE SANTANDER";800;"TEORAMA";54800;56,53;
54;"N. DE SANTANDER";810;"TIBU";54810;56,76;
54;"N. DE SANTANDER";820;"TOLEDO";54820;41,68;
54;"N. DE SANTANDER";871;"VILLA CARO";54871;56,06;
54;"N. DE SANTANDER";874;"VILLA DEL ROSARIO";54874;22,85;
63;"QUINDIO";1;"ARMENIA";63001;13,21;
63;"QUINDIO";111;"BUENAVISTA";63111;22,45;
63;"QUINDIO";130;"CALARCA";63130;14,46;
63;"QUINDIO";190;"CIRCASIA";63190;17,23;
63;"QUINDIO";212;"CORDOBA";63212;24,82;
63;"QUINDIO";272;"FILANDIA";63272;18,81;
63;"QUINDIO";302;"GENOVA";63302;25,42;
63;"QUINDIO";401;"LA TEBAIDA";63401;22,38;
63;"QUINDIO";470;"MONTENEGRO";63470;22,86;
63;"QUINDIO";548;"PIJAO";63548;23,86;
63;"QUINDIO";594;"QUIMBAYA";63594;22,1;
63;"QUINDIO";690;"SALENTO";63690;20,86;
66;"RISARALDA";1;"PEREIRA";66001;13,37;
66;"RISARALDA";45;"APIA";66045;24,34;
66;"RISARALDA";75;"BALBOA";66075;28,01;
66;"RISARALDA";88;"BELEN DE UMBRIA";66088;24,07;
66;"RISARALDA";170;"DOSQUEBRADAS";66170;13,28;
66;"RISARALDA";318;"GUATICA";66318;25,69;
66;"RISARALDA";383;"LA CELIA";66383;24,27;
66;"RISARALDA";400;"LA VIRGINIA";66400;23,7;
66;"RISARALDA";440;"MARSELLA";66440;28,2;
66;"RISARALDA";456;"MISTRATO";66456;45,01;
66;"RISARALDA";572;"PUEBLO RICO";66572;52,91;
66;"RISARALDA";594;"QUINCHIA";66594;33,47;
66;"RISARALDA";682;"SANTA ROSA DE CABAL";66682;19,25;
66;"RISARALDA";687;"SANTUARIO";66687;23,59;
68;"SANTANDER";1;"BUCARAMANGA";68001;11,55;
68;"SANTANDER";13;"AGUADA";68013;41,02;
68;"SANTANDER";20;"ALBANIA";68020;41,31;
68;"SANTANDER";51;"ARATOCA";68051;49,2;
68;"SANTANDER";77;"BARBOSA";68077;18,8;
68;"SANTANDER";79;"BARICHARA";68079;30,99;
68;"SANTANDER";81;"BARRANCABERMEJA";68081;22,33;
68;"SANTANDER";92;"BETULIA";68092;43,21;
68;"SANTANDER";101;"BOLIVAR";68101;56,21;
68;"SANTANDER";121;"CABRERA";68121;40,13;
68;"SANTANDER";132;"CALIFORNIA";68132;26,64;
68;"SANTANDER";147;"CAPITANEJO";68147;46,27;
68;"SANTANDER";152;"CARCASI";68152;66,71;
68;"SANTANDER";160;"CEPITA";68160;47,9;
68;"SANTANDER";162;"CERRITO";68162;46,15;
68;"SANTANDER";167;"CHARALA";68167;24,08;
68;"SANTANDER";169;"CHARTA";68169;32,35;
68;"SANTANDER";176;"CHIMA";68176;43,94;
68;"SANTANDER";179;"CHIPATA";68179;41,45;
68;"SANTANDER";190;"CIMITARRA";68190;45,74;
68;"SANTANDER";207;"CONCEPCION";68207;39,21;
68;"SANTANDER";209;"CONFINES";68209;30,13;
68;"SANTANDER";211;"CONTRATACION";68211;29,87;
68;"SANTANDER";217;"COROMORO";68217;43;
68;"SANTANDER";229;"CURITI";68229;40,21;
68;"SANTANDER";235;"EL CARMEN DE CHUCURI";68235;51,08;
68;"SANTANDER";245;"EL GUACAMAYO";68245;36,16;
68;"SANTANDER";250;"EL PEÑON";68250;67,34;
68;"SANTANDER";255;"EL PLAYON";68255;44,92;
68;"SANTANDER";264;"ENCINO";68264;35,35;
68;"SANTANDER";266;"ENCISO";68266;40,87;
68;"SANTANDER";271;"FLORIAN";68271;53,85;
68;"SANTANDER";276;"FLORIDABLANCA";68276;9,43;
68;"SANTANDER";296;"GALAN";68296;42,85;
68;"SANTANDER";298;"GAMBITA";68298;53,66;
68;"SANTANDER";307;"GIRON";68307;15,37;
68;"SANTANDER";318;"GUACA";68318;44,71;
68;"SANTANDER";320;"GUADALUPE";68320;32,08;
68;"SANTANDER";322;"GUAPOTA";68322;21,67;
68;"SANTANDER";324;"GUAVATA";68324;36,27;
68;"SANTANDER";327;"GsEPSA";68327;36,98;
68;"SANTANDER";344;"HATO";68344;45,09;
68;"SANTANDER";368;"JESUS MARIA";68368;43,72;
68;"SANTANDER";370;"JORDAN";68370;60,81;
68;"SANTANDER";377;"LA BELLEZA";68377;34,02;
68;"SANTANDER";385;"LANDAZURI";68385;48,87;
68;"SANTANDER";397;"LA PAZ";68397;39,08;
68;"SANTANDER";406;"LEBRIJA";68406;25,99;
68;"SANTANDER";418;"LOS SANTOS";68418;40,44;
68;"SANTANDER";425;"MACARAVITA";68425;69,27;
68;"SANTANDER";432;"MALAGA";68432;21,24;
68;"SANTANDER";444;"MATANZA";68444;30,39;
68;"SANTANDER";464;"MOGOTES";68464;49,42;
68;"SANTANDER";468;"MOLAGAVITA";68468;49;
68;"SANTANDER";498;"OCAMONTE";68498;24,79;
68;"SANTANDER";500;"OIBA";68500;39,6;
68;"SANTANDER";502;"ONZAGA";68502;53,78;
68;"SANTANDER";522;"PALMAR";68522;46,39;
68;"SANTANDER";524;"PALMAS DEL SOCORRO";68524;29,15;
68;"SANTANDER";533;"PARAMO";68533;25,64;
68;"SANTANDER";547;"PIEDECUESTA";68547;14,36;
68;"SANTANDER";549;"PINCHOTE";68549;22,62;
68;"SANTANDER";572;"PUENTE NACIONAL";68572;35,07;
68;"SANTANDER";573;"PUERTO PARRA";68573;50,91;
68;"SANTANDER";575;"PUERTO WILCHES";68575;48,98;
68;"SANTANDER";615;"RIONEGRO";68615;39,31;
68;"SANTANDER";655;"SABANA DE TORRES";68655;33,22;
68;"SANTANDER";669;"SAN ANDRES";68669;35,5;
68;"SANTANDER";673;"SAN BENITO";68673;35,3;
68;"SANTANDER";679;"SAN GIL";68679;11,14;
68;"SANTANDER";682;"SAN JOAQUIN";68682;41,48;
68;"SANTANDER";684;"SAN JOSE DE MIRANDA";68684;56,8;
68;"SANTANDER";686;"SAN MIGUEL";68686;61,96;
68;"SANTANDER";689;"SAN VICENTE DE CHUCURI";68689;29,15;
68;"SANTANDER";705;"SANTA BARBARA";68705;39,05;
68;"SANTANDER";720;"SANTA HELENA DEL OPON";68720;56,91;
68;"SANTANDER";745;"SIMACOTA";68745;48,18;
68;"SANTANDER";755;"SOCORRO";68755;15,07;
68;"SANTANDER";770;"SUAITA";68770;35,09;
68;"SANTANDER";773;"SUCRE";68773;42,98;
68;"SANTANDER";780;"SURATA";68780;44,08;
68;"SANTANDER";820;"TONA";68820;24,1;
68;"SANTANDER";855;"VALLE DE SAN JOSE";68855;29,35;
68;"SANTANDER";861;"VELEZ";68861;34,05;
68;"SANTANDER";867;"VETAS";68867;20,8;
68;"SANTANDER";872;"VILLANUEVA";68872;34,4;
68;"SANTANDER";895;"ZAPATOCA";68895;18,11;
70;"SUCRE";1;"SINCELEJO";70001;42,02;
70;"SUCRE";110;"BUENAVISTA";70110;57,15;
70;"SUCRE";124;"CAIMITO";70124;68,06;
70;"SUCRE";204;"COLOSO";70204;81,51;
70;"SUCRE";215;"COROZAL";70215;44,84;
70;"SUCRE";221;"COVEÑAS";70221;56,2;
70;"SUCRE";230;"CHALAN";70230;71,03;
70;"SUCRE";233;"EL ROBLE";70233;71,58;
70;"SUCRE";235;"GALERAS";70235;53,11;
70;"SUCRE";265;"GUARANDA";70265;76,94;
70;"SUCRE";400;"LA UNION";70400;61,45;
70;"SUCRE";418;"LOS PALMITOS";70418;54,68;
70;"SUCRE";429;"MAJAGUAL";70429;73,96;
70;"SUCRE";473;"MORROA";70473;61,48;
70;"SUCRE";508;"OVEJAS";70508;55,5;
70;"SUCRE";523;"PALMITO";70523;73,37;
70;"SUCRE";670;"SAMPUES";70670;70,75;
70;"SUCRE";678;"SAN BENITO ABAD";70678;67,06;
70;"SUCRE";702;"SAN JUAN DE BETULIA";70702;55,51;
70;"SUCRE";708;"SAN MARCOS";70708;58,12;
70;"SUCRE";713;"SAN ONOFRE";70713;65,1;
70;"SUCRE";717;"SAN PEDRO";70717;57,27;
70;"SUCRE";742;"SAN LUIS DE SINCE";70742;51,18;
70;"SUCRE";771;"SUCRE";70771;80,3;
70;"SUCRE";820;"SANTIAGO DE TOLU";70820;47,46;
70;"SUCRE";823;"TOLU VIEJO";70823;55,85;
73;"TOLIMA";1;"IBAGUE";73001;16,23;
73;"TOLIMA";24;"ALPUJARRA";73024;39,31;
73;"TOLIMA";26;"ALVARADO";73026;45,82;
73;"TOLIMA";30;"AMBALEMA";73030;34,39;
73;"TOLIMA";43;"ANZOATEGUI";73043;100;"Se asignó el máximo valor de NBI (100%) por no contar con información suficiente para su estimación"
73;"TOLIMA";55;"ARMERO";73055;32,63;
73;"TOLIMA";67;"ATACO";73067;66,43;
73;"TOLIMA";124;"CAJAMARCA";73124;28,34;
73;"TOLIMA";148;"CARMEN DE APICALA";73148;28,69;
73;"TOLIMA";152;"CASABIANCA";73152;32,55;
73;"TOLIMA";168;"CHAPARRAL";73168;47,65;
73;"TOLIMA";200;"COELLO";73200;45,77;
73;"TOLIMA";217;"COYAIMA";73217;71,74;
73;"TOLIMA";226;"CUNDAY";73226;40,54;
73;"TOLIMA";236;"DOLORES";73236;45,32;
73;"TOLIMA";268;"ESPINAL";73268;27,93;
73;"TOLIMA";270;"FALAN";73270;35,85;
73;"TOLIMA";275;"FLANDES";73275;21,4;
73;"TOLIMA";283;"FRESNO";73283;28,2;
73;"TOLIMA";319;"GUAMO";73319;33,94;
73;"TOLIMA";347;"HERVEO";73347;23,43;
73;"TOLIMA";349;"HONDA";73349;18,83;
73;"TOLIMA";352;"ICONONZO";73352;34,75;
73;"TOLIMA";408;"LERIDA";73408;27,35;
73;"TOLIMA";411;"LIBANO";73411;29,83;
73;"TOLIMA";443;"MARIQUITA";73443;23,5;
73;"TOLIMA";449;"MELGAR";73449;16,58;
73;"TOLIMA";461;"MURILLO";73461;39,61;
73;"TOLIMA";483;"NATAGAIMA";73483;47,04;
73;"TOLIMA";504;"ORTEGA";73504;64,04;
73;"TOLIMA";520;"PALOCABILDO";73520;38;
73;"TOLIMA";547;"PIEDRAS";73547;33,51;
73;"TOLIMA";555;"PLANADAS";73555;60,17;
73;"TOLIMA";563;"PRADO";73563;40,33;
73;"TOLIMA";585;"PURIFICACION";73585;33,44;
73;"TOLIMA";616;"RIOBLANCO";73616;65,95;
73;"TOLIMA";622;"RONCESVALLES";73622;35,51;
73;"TOLIMA";624;"ROVIRA";73624;45,96;
73;"TOLIMA";671;"SALDAÑA";73671;31,65;
73;"TOLIMA";675;"SAN ANTONIO";73675;51,33;
73;"TOLIMA";678;"SAN LUIS";73678;47,95;
73;"TOLIMA";686;"SANTA ISABEL";73686;29,09;
73;"TOLIMA";770;"SUAREZ";73770;51,95;
73;"TOLIMA";854;"VALLE DE SAN JUAN";73854;48,74;
73;"TOLIMA";861;"VENADILLO";73861;34,92;
73;"TOLIMA";870;"VILLAHERMOSA";73870;28,36;
73;"TOLIMA";873;"VILLARRICA";73873;35,46;
76;"VALLE DEL CAUCA";1;"CALI";76001;11,01;
76;"VALLE DEL CAUCA";20;"ALCALA";76020;25,56;
76;"VALLE DEL CAUCA";36;"ANDALUCIA";76036;18,44;
76;"VALLE DEL CAUCA";41;"ANSERMANUEVO";76041;30,97;
76;"VALLE DEL CAUCA";54;"ARGELIA";76054;29,6;
76;"VALLE DEL CAUCA";100;"BOLIVAR";76100;30,37;
76;"VALLE DEL CAUCA";109;"BUENAVENTURA";76109;35,85;
76;"VALLE DEL CAUCA";111;"GUADALAJARA DE BUGA";76111;11,56;
76;"VALLE DEL CAUCA";113;"BUGALAGRANDE";76113;21,31;
76;"VALLE DEL CAUCA";122;"CAICEDONIA";76122;15,94;
76;"VALLE DEL CAUCA";126;"CALIMA";76126;19,12;
76;"VALLE DEL CAUCA";130;"CANDELARIA";76130;14,51;
76;"VALLE DEL CAUCA";147;"CARTAGO";76147;15,69;
76;"VALLE DEL CAUCA";233;"DAGUA";76233;24,98;
76;"VALLE DEL CAUCA";243;"EL AGUILA";76243;27,27;
76;"VALLE DEL CAUCA";246;"EL CAIRO";76246;29,44;
76;"VALLE DEL CAUCA";248;"EL CERRITO";76248;18,69;
76;"VALLE DEL CAUCA";250;"EL DOVIO";76250;23,91;
76;"VALLE DEL CAUCA";275;"FLORIDA";76275;21,63;
76;"VALLE DEL CAUCA";306;"GINEBRA";76306;18,1;
76;"VALLE DEL CAUCA";318;"GUACARI";76318;21,42;
76;"VALLE DEL CAUCA";364;"JAMUNDI";76364;15,63;
76;"VALLE DEL CAUCA";377;"LA CUMBRE";76377;22,69;
76;"VALLE DEL CAUCA";400;"LA UNION";76400;18,41;
76;"VALLE DEL CAUCA";403;"LA VICTORIA";76403;18,74;
76;"VALLE DEL CAUCA";497;"OBANDO";76497;30,67;
76;"VALLE DEL CAUCA";520;"PALMIRA";76520;12,75;
76;"VALLE DEL CAUCA";563;"PRADERA";76563;23,8;
76;"VALLE DEL CAUCA";606;"RESTREPO";76606;20,84;
76;"VALLE DEL CAUCA";616;"RIOFRIO";76616;26,41;
76;"VALLE DEL CAUCA";622;"ROLDANILLO";76622;18,42;
76;"VALLE DEL CAUCA";670;"SAN PEDRO";76670;16,52;
76;"VALLE DEL CAUCA";736;"SEVILLA";76736;18,23;
76;"VALLE DEL CAUCA";823;"TORO";76823;29,9;
76;"VALLE DEL CAUCA";828;"TRUJILLO";76828;22,79;
76;"VALLE DEL CAUCA";834;"TULUA";76834;15,75;
76;"VALLE DEL CAUCA";845;"ULLOA";76845;23,4;
76;"VALLE DEL CAUCA";863;"VERSALLES";76863;18,95;
76;"VALLE DEL CAUCA";869;"VIJES";76869;21,15;
76;"VALLE DEL CAUCA";890;"YOTOCO";76890;26,59;
76;"VALLE DEL CAUCA";892;"YUMBO";76892;17,95;
76;"VALLE DEL CAUCA";895;"ZARZAL";76895;17,34;
81;"ARAUCA";1;"ARAUCA";81001;33,73;
81;"ARAUCA";65;"ARAUQUITA";81065;41,48;
81;"ARAUCA";220;"CRAVO NORTE";81220;53,91;
81;"ARAUCA";300;"FORTUL";81300;100;"Se asignó el máximo valor de NBI (100%) por no contar con información suficiente para su estimación"
81;"ARAUCA";591;"PUERTO RONDON";81591;36,1;
81;"ARAUCA";736;"SARAVENA";81736;34,15;
81;"ARAUCA";794;"TAME";81794;100;"Se asignó el máximo valor de NBI (100%) por no contar con información suficiente para su estimación"
85;"CASANARE";1;"YOPAL";85001;24,47;
85;"CASANARE";10;"AGUAZUL";85010;26,69;
85;"CASANARE";15;"CHAMEZA";85015;46,35;
85;"CASANARE";125;"HATO COROZAL";85125;57,31;
85;"CASANARE";136;"LA SALINA";85136;51,15;
85;"CASANARE";139;"MANI";85139;35,24;
85;"CASANARE";162;"MONTERREY";85162;27,24;
85;"CASANARE";225;"NUNCHIA";85225;64,02;
85;"CASANARE";230;"OROCUE";85230;62,83;
85;"CASANARE";250;"PAZ DE ARIPORO";85250;43,56;
85;"CASANARE";263;"PORE";85263;55,49;
85;"CASANARE";279;"RECETOR";85279;46,29;
85;"CASANARE";300;"SABANALARGA";85300;26,64;
85;"CASANARE";315;"SACAMA";85315;37,7;
85;"CASANARE";325;"SAN LUIS DE PALENQUE";85325;53,45;
85;"CASANARE";400;"TAMARA";85400;72,42;
85;"CASANARE";410;"TAURAMENA";85410;33,73;
85;"CASANARE";430;"TRINIDAD";85430;54,92;
85;"CASANARE";440;"VILLANUEVA";85440;31,92;
86;"PUTUMAYO";1;"MOCOA";86001;27,91;
86;"PUTUMAYO";219;"COLON";86219;19,65;
86;"PUTUMAYO";320;"ORITO";86320;51,11;
86;"PUTUMAYO";568;"PUERTO ASIS";86568;30,7;
86;"PUTUMAYO";569;"PUERTO CAICEDO";86569;41,38;
86;"PUTUMAYO";571;"PUERTO GUZMAN";86571;100;"Se asignó el máximo valor de NBI (100%) por no contar con información suficiente para su estimación"
86;"PUTUMAYO";573;"LEGUIZAMO";86573;37,82;
86;"PUTUMAYO";749;"SIBUNDOY";86749;20,66;
86;"PUTUMAYO";755;"SAN FRANCISCO";86755;24,82;
86;"PUTUMAYO";757;"SAN MIGUEL";86757;40,62;
86;"PUTUMAYO";760;"SANTIAGO";86760;39,98;
86;"PUTUMAYO";865;"VALLE DEL GUAMUEZ";86865;39,16;
86;"PUTUMAYO";885;"VILLAGARZON";86885;35,68;
88;"SAN ANDRES";1;"SAN ANDRES";88001;42,45;
88;"SAN ANDRES";564;"PROVIDENCIA";88564;19,7;
91;"AMAZONAS";1;"LETICIA";91001;37,65;
91;"AMAZONAS";263;"EL ENCANTO (CD)";91263;100;"Se asignó el máximo valor de NBI (100%) por no contar con información suficiente para su estimación"
91;"AMAZONAS";405;"LA CHORRERA (CD)";91405;52,89;
91;"AMAZONAS";407;"LA PEDRERA (CD)";91407;58,8;
91;"AMAZONAS";430;"LA VICTORIA (CD)";91430;100;"Se asignó el máximo valor de NBI (100%) por no contar con información suficiente para su estimación"
91;"AMAZONAS";460;"MIRITI - PARANA (CD)";91460;100;"Se asignó el máximo valor de NBI (100%) por no contar con información suficiente para su estimación"
91;"AMAZONAS";530;"PUERTO ALEGRIA (CD)";91530;100;"Se asignó el máximo valor de NBI (100%) por no contar con información suficiente para su estimación"
91;"AMAZONAS";536;"PUERTO ARICA (CD)";91536;71,56;
91;"AMAZONAS";540;"PUERTO NARIÑO";91540;58,35;
91;"AMAZONAS";669;"PUERTO SANTANDER (CD)";91669;100;"Se asignó el máximo valor de NBI (100%) por no contar con información suficiente para su estimación"
91;"AMAZONAS";798;"TARAPACA (CD)";91798;57,91;
94;"GUAINIA";1;"INIRIDA";94001;57,53;
94;"GUAINIA";343;"BARRANCO MINAS (CD)";94343;100;"Se asignó el máximo valor de NBI (100%) por no contar con información suficiente para su estimación"
94;"GUAINIA";663;"MAPIRIPANA (CD)";94663;100;"Se asignó el máximo valor de NBI (100%) por no contar con información suficiente para su estimación"
94;"GUAINIA";883;"SAN FELIPE (CD)";94883;100;"Se asignó el máximo valor de NBI (100%) por no contar con información suficiente para su estimación"
94;"GUAINIA";884;"PUERTO COLOMBIA (CD)";94884;97,79;
94;"GUAINIA";885;"LA GUADALUPE (CD)";94885;100;"Se asignó el máximo valor de NBI (100%) por no contar con información suficiente para su estimación"
94;"GUAINIA";886;"CACAHUAL (CD)";94886;100;"Se asignó el máximo valor de NBI (100%) por no contar con información suficiente para su estimación"
94;"GUAINIA";887;"PANA PANA (CD)";94887;100;"Se asignó el máximo valor de NBI (100%) por no contar con información suficiente para su estimación"
94;"GUAINIA";888;"MORICHAL (CD)";94888;100;"Se asignó el máximo valor de NBI (100%) por no contar con información suficiente para su estimación"
95;"GUAVIARE";1;"SAN JOSE DEL GUAVIARE";95001;42,4;
95;"GUAVIARE";15;"CALAMAR";95015;28,52;
95;"GUAVIARE";25;"EL RETORNO";95025;100;"Se asignó el máximo valor de NBI (100%) por no contar con información suficiente para su estimación"
95;"GUAVIARE";200;"MIRAFLORES";95200;44,39;
97;"VAUPES";1;"MITU";97001;51,78;
97;"VAUPES";161;"CARURU";97161;100;"Se asignó el máximo valor de NBI (100%) por no contar con información suficiente para su estimación"
97;"VAUPES";511;"PACOA (CD)";97511;100;"Se asignó el máximo valor de NBI (100%) por no contar con información suficiente para su estimación"
97;"VAUPES";666;"TARAIRA";97666;82,07;
97;"VAUPES";777;"PAPUNAUA (CD)";97777;100;"Se asignó el máximo valor de NBI (100%) por no contar con información suficiente para su estimación"
97;"VAUPES";889;"YAVARATE (CD)";97889;78,52;
99;"VICHADA";1;"PUERTO CARREÑO";99001;45,62;
99;"VICHADA";524;"LA PRIMAVERA";99524;100;"Se asignó el máximo valor de NBI (100%) por no contar con información suficiente para su estimación"
99;"VICHADA";624;"SANTA ROSALIA";99624;58,44;
99;"VICHADA";773;"CUMARIBO";99773;82,43;
